日期,星期,节日信息,季节,天气,主题,周期计划,批次总结,每日计划,每日总结,涉及角色,角色简介,上午,中午,下午,晚上,夜间
2025-07-03,周四,无,夏季,多云转晴，28℃,科研深耕与情感联结,方知衡计划在7月3日至8日期间，重点推进香丘天文院的宇宙物质课题数据分析，同时兼顾教学任务。他安排每日6：30在明镜公园晨跑后前往天文院，白天集中处理光谱数据验证工作，晚间则进行文献研读。周末计划带元南进行天文台实践教学，并协调林安予协助学生观测报告审核。小暑当日准备调整饮食方案，尝试粤式消暑汤品。每日严格保持22：30前就寝的作息，确保科研效率与身心健康平衡。,这三天方知衡高效推进了宇宙射线数据验证工作，完成初步报告并标注待验点。在教学方面，成功引导元南建立规范的观测记录习惯，并灵活应对穹顶参观的突发状况。生活节奏保持规律，从晨跑到阅读都体现其秩序感。偶遇中展现内敛温情——超市冷静处理失误、帮邻居拾回物品、婉拒不健康饮食等细节，呈现理性外表下的细腻。为元南暑期规划的建议体现其责任意识，对物品品质的坚持延续严谨个性。,方知衡计划今日专注完成宇宙射线光谱数据的初步分析，上午在香丘天文院处理核心数据，下午审核林安予提交的暑期观测计划。晚上准备与元逸讨论元南的暑期安排，并完成日常阅读。特别提醒自己午餐选择大学食堂清淡窗口，避免油腻食物影响工作效率。,方知衡今日高效完成数据初步分析，发现需重点验证的异常波动点。审核林安予计划时既肯定其整体框架，又严谨指出三处细节疏漏，体现教学相长的理念。与元逸的通话中理性分析元南的成长需求，建议平衡学业与实践。保持作息规律，晨跑后全天精神集中，唯独午餐时婉拒学生饮料的小插曲再次印证其饮食原则的坚定。,"林安予, 元逸",林安予-角色简介；元逸-角色简介,,,,,
2025-07-04,周五,无,夏季,晴，30℃,科研深耕与情感联结,方知衡计划在7月3日至8日期间，重点推进香丘天文院的宇宙物质课题数据分析，同时兼顾教学任务。他安排每日6：30在明镜公园晨跑后前往天文院，白天集中处理光谱数据验证工作，晚间则进行文献研读。周末计划带元南进行天文台实践教学，并协调林安予协助学生观测报告审核。小暑当日准备调整饮食方案，尝试粤式消暑汤品。每日严格保持22：30前就寝的作息，确保科研效率与身心健康平衡。,,方知衡计划上午指导元南基础望远镜操作原理，下午完成数据验证报告。需采购生活用品，傍晚前往Fresh超市。特别安排时间检查书房绿植状态，山茶盆栽需更换。,方知衡今日成功引导元南建立规范的观测记录习惯，对少年敏锐的质疑精神表示欣慰。数据报告完成度达预期，存疑点已明确标注待复核。超市小插曲中保持冷静处理态度，体现其一贯的理性作风。更换书房绿植时细致照料新株，对印刷瑕疵的零容忍态度延续其追求精确的个性。全天节奏紧凑而不忙乱，体现高效时间管理能力。,"元南, 瑟琳娜",元南-角色简介；瑟琳娜-角色简介,,,,,
2025-07-05,周六,无,夏季,多云有阵雨，26℃,科研深耕与情感联结,方知衡计划在7月3日至8日期间，重点推进香丘天文院的宇宙物质课题数据分析，同时兼顾教学任务。他安排每日6：30在明镜公园晨跑后前往天文院，白天集中处理光谱数据验证工作，晚间则进行文献研读。周末计划带元南进行天文台实践教学，并协调林安予协助学生观测报告审核。小暑当日准备调整饮食方案，尝试粤式消暑汤品。每日严格保持22：30前就寝的作息，确保科研效率与身心健康平衡。,,方知衡计划上午带元南参观天文台穹顶设备，下午处理个人事务。需归还瑕疵书籍并选购新书，傍晚例行公园散步。注意天气预报提示阵雨，备好雨具。,方知衡今日灵活应对穹顶设备突发状况，为元南转化复杂知识为易懂模块，展现教学智慧。书店选购时坚持个人阅读品味，不为流行读物所动。散步时帮助邻居的举动自然流露其内敛的善意，对馈赠食品的谨慎态度体现其卫生习惯。阵雨未打乱计划节奏，鞋具保养的细致程度延续其一贯的严谨作风。,"元南, 乌鸡, 散步阿姨",元南-角色简介；乌鸡-角色简介；散步阿姨-角色简介,,,,,
2025-07-06,周日,无,夏季,晴间多云，28℃,科研深耕与情感联结,方知衡计划在7月3日至8日期间，重点推进香丘天文院的宇宙物质课题数据分析，同时兼顾教学任务。他安排每日6：30在明镜公园晨跑后前往天文院，白天集中处理光谱数据验证工作，晚间则进行文献研读。周末计划带元南进行天文台实践教学，并协调林安予协助学生观测报告审核。小暑当日准备调整饮食方案，尝试粤式消暑汤品。每日严格保持22：30前就寝的作息，确保科研效率与身心健康平衡。,本批次完成宇宙射线数据最终验证，系统指导元南掌握观测设备操作，审核通过研究生暑期计划。在生活场景中，小暑节气调整饮食结构，与散步阿姨、健身婆婆的互动获得实用养生知识，与元逸确定元南的暑期安排。人际关系方面，林安予的学术能力得到提升，元南建立基本操作规范，罗恒等友人的关心增添生活温度。,方知衡计划上午完成光谱数据最后校验，下午指导元南操作设备实操。傍晚约元逸讨论元南暑期安排，晚间整理书房文件。重点关注数据准确性，确保元南掌握基础操作规范。,数据验证顺利完成，元南初步掌握设备操作要点。湖边偶遇散步阿姨的凉茶配方值得尝试。与元逸达成共识：暑期安排要兼顾元南的学习兴趣与休息时间。明日需审核研究生观测计划书。,"林安予, 元南, 元逸, 散步阿姨",林安予-角色简介；元南-角色简介；元逸-角色简介；散步阿姨-角色简介,,,,,
2025-07-07,周一,小暑,夏季,多云转阵雨，30℃,科研深耕与情感联结,方知衡计划在7月3日至8日期间，重点推进香丘天文院的宇宙物质课题数据分析，同时兼顾教学任务。他安排每日6：30在明镜公园晨跑后前往天文院，白天集中处理光谱数据验证工作，晚间则进行文献研读。周末计划带元南进行天文台实践教学，并协调林安予协助学生观测报告审核。小暑当日准备调整饮食方案，尝试粤式消暑汤品。每日严格保持22：30前就寝的作息，确保科研效率与身心健康平衡。,,小暑当日调整饮食清淡化，上午审核暑期观测计划，下午采购应季食材炖养生汤。晚间阅读三岛由纪夫作品，注意避免空调直吹。,观测计划审核发现林安予方案需完善。小暑养生知识获健身婆婆亲身指导，金喜的食材建议提升了汤品效果。明日课题组汇报前需确认数据可视化材料的完整性。,"林安予, 健身婆婆, 金喜",林安予-角色简介；健身婆婆-角色简介；金喜-角色简介,,,,,
2025-07-08,周二,无,夏季,晴，32℃,科研深耕与情感联结,方知衡计划在7月3日至8日期间，重点推进香丘天文院的宇宙物质课题数据分析，同时兼顾教学任务。他安排每日6：30在明镜公园晨跑后前往天文院，白天集中处理光谱数据验证工作，晚间则进行文献研读。周末计划带元南进行天文台实践教学，并协调林安予协助学生观测报告审核。小暑当日准备调整饮食方案，尝试粤式消暑汤品。每日严格保持22：30前就寝的作息，确保科研效率与身心健康平衡。,,重点准备数据汇报材料，中午检查元南的观测日志，下午主持课题组会议。注意高温防暑，晚间简单处理积压邮件。,数据汇报顺利完成，元南的观测习惯需持续纠正。罗恒的冰滴咖啡缓解了会议疲惫。周期目标基本达成：元南掌握基础操作，光谱数据通过验证，观测计划完成审核。接下来需关注暑期课题推进。,"元南, 林安予, 罗恒",元南-角色简介；林安予-角色简介；罗恒-角色简介,,,,,
2025-07-14,周一,无,夏季,多云转晴,暑期节奏建立,方知衡计划在学期结束后调整工作节奏，重点完成宇宙尘埃观测项目的设备调试。每天清晨保持明镜公园晨跑习惯，下午在香丘天文院校准光谱仪。同时需承担元逸托付的元南暑期监护，计划带元南参观天文台并讲解基础天文知识。晚间整理观测数据时，发现设备存在周期性误差问题，需重新设计校准方案。周末准备带元南去市立博物馆天文展区，途中在好味道茶餐厅解决午餐。,方知衡成功接手元南暑期监护，同步推进设备调试工作。光谱仪校准误差已解决，新安全协议开始实施。与元南建立起教学默契，发现少年在机械原理上的天赋，但需加强基础训练。林安予的高效协助减轻工作压力，日常生活节奏初步适应监护责任。下阶段需深化元南的实践教学，并准备暑期启蒙计划汇报。,方知衡计划今天上午完成光谱仪校准工作，中午与元逸交接元南的暑期监护事宜，下午带元南熟悉环境并参观市立博物馆。晚上准备制定元南的学习计划，确保工作与监护责任平衡。,方知衡顺利完成监护责任交接，光谱仪故障定位准确。他注意到元南对机械原理的敏锐度，决定在计划中加入更多实践环节。调试工作时林安予的高效协助减轻了压力，与老王的技术讨论也带来新启发。整体节奏平稳，但需适应新增的监护时间分配。,"元南, 元逸, 林安予",元南-角色简介；元逸-角色简介；林安予-角色简介,,,,,
2025-07-15,周二,无,夏季,晴,暑期节奏建立,方知衡计划在学期结束后调整工作节奏，重点完成宇宙尘埃观测项目的设备调试。每天清晨保持明镜公园晨跑习惯，下午在香丘天文院校准光谱仪。同时需承担元逸托付的元南暑期监护，计划带元南参观天文台并讲解基础天文知识。晚间整理观测数据时，发现设备存在周期性误差问题，需重新设计校准方案。周末准备带元南去市立博物馆天文展区，途中在好味道茶餐厅解决午餐。,,方知衡安排上午处理光谱仪校准收尾工作，中午检查元南的预习情况，下午去云枢大学整理教材，晚上带元南进行首次基础观测教学。,方知衡高效完成教材整理，光谱仪校准报告已提交。元南的学习态度让他欣慰，但发现少年偏爱速食零食，需调整饮食管理方案。与林安予的工作默契提升效率，罗恒的咖啡成为午间固定慰藉。首次观测教学顺利，但需加强元南的耐心训练。,"元南, 林安予, 罗恒",元南-角色简介；林安予-角色简介；罗恒-角色简介,,,,,
2025-07-16,周三,无,夏季,多云,暑期节奏建立,方知衡计划在学期结束后调整工作节奏，重点完成宇宙尘埃观测项目的设备调试。每天清晨保持明镜公园晨跑习惯，下午在香丘天文院校准光谱仪。同时需承担元逸托付的元南暑期监护，计划带元南参观天文台并讲解基础天文知识。晚间整理观测数据时，发现设备存在周期性误差问题，需重新设计校准方案。周末准备带元南去市立博物馆天文展区，途中在好味道茶餐厅解决午餐。,,方知衡计划上午完成设备调试报告，中午带元南体验大学食堂，下午检查元南的学习进度，晚上准备周期总结会议材料。,设备安全协议修订体现方知衡的责任意识，食堂营养教育初见成效。瑟琳娜的心算能力让他联想到教学中的速算训练方法。元南的笔记错误反映基础薄弱，需调整教学进度。三天监护初步建立规律，但周末出游计划还需详细规划。,"元南, 林安予, 瑟琳娜",元南-角色简介；林安予-角色简介；瑟琳娜-角色简介,,,,,
2025-07-17,周四,无,夏季,晴转多云,暑期节奏建立,方知衡计划在学期结束后调整工作节奏，重点完成宇宙尘埃观测项目的设备调试。每天清晨保持明镜公园晨跑习惯，下午在香丘天文院校准光谱仪。同时需承担元逸托付的元南暑期监护，计划带元南参观天文台并讲解基础天文知识。晚间整理观测数据时，发现设备存在周期性误差问题，需重新设计校准方案。周末准备带元南去市立博物馆天文展区，途中在好味道茶餐厅解决午餐。,这三天方知衡成功平衡科研责任与元南监护，设备校准进入关键阶段。与元南建立起包含晨跑、学习、探索的日常节奏，发现少年极强的学习能力和自律性。通过博物馆参观、超市采购等生活场景，潜移默化培养元南的观察力与处事能力。林安予在工作中的协助让方知衡能专注技术问题，监护日志显示暑期计划推进顺利。,方知衡计划完成光谱仪校准工作，下午接收元南开始暑期监护。上午在香丘天文院处理设备误差问题，中午与林安予讨论数据异常。下午接元南回家后准备清淡晚餐，晚间规划元南的学习活动。期望校准工作取得进展，并与元南建立初步监护节奏。,方知衡在设备校准中发现温控模块问题，安排林安予进行对比实验。下午顺利接收元南，注意到少年对科学书籍的浓厚兴趣。晚餐时发现元南排斥香菜的特点与自己相似，调整了明日菜单。睡前确认门窗时，想起元逸托付时的郑重表情，提醒自己监护责任重大。,"元南, 林安予, 元逸",元南-角色简介；林安予-角色简介；元逸-角色简介,,,,,
2025-07-18,周五,无,夏季,多云,暑期节奏建立,方知衡计划在学期结束后调整工作节奏，重点完成宇宙尘埃观测项目的设备调试。每天清晨保持明镜公园晨跑习惯，下午在香丘天文院校准光谱仪。同时需承担元逸托付的元南暑期监护，计划带元南参观天文台并讲解基础天文知识。晚间整理观测数据时，发现设备存在周期性误差问题，需重新设计校准方案。周末准备带元南去市立博物馆天文展区，途中在好味道茶餐厅解决午餐。,,方知衡计划带元南熟悉工作环境，继续处理设备校准。上午安排元南在阅览区自习，中午与同事简餐。下午指导元南使用文献检索工具，傍晚公园散步调节作息。期望元南适应天文院环境，同时推进校准工作第二阶段。,方知衡观察到元南快速适应新环境，在资料室能安静自习三小时。设备校准进入第二阶段，温控模块替换后数据趋于稳定。公园散步时发现元南对运动表现积极，考虑将其纳入日常作息。睡前注意到少年将转笔习惯改为按压手指，赞赏其自律性。,"元南, 林安予, 罗恒",元南-角色简介；林安予-角色简介；罗恒-角色简介,,,,,
2025-07-19,周六,无,夏季,晴,暑期节奏建立,方知衡计划在学期结束后调整工作节奏，重点完成宇宙尘埃观测项目的设备调试。每天清晨保持明镜公园晨跑习惯，下午在香丘天文院校准光谱仪。同时需承担元逸托付的元南暑期监护，计划带元南参观天文台并讲解基础天文知识。晚间整理观测数据时，发现设备存在周期性误差问题，需重新设计校准方案。周末准备带元南去市立博物馆天文展区，途中在好味道茶餐厅解决午餐。,,方知衡全天专注元南监护，计划参观市立博物馆。上午提前预约门票，中午在博物馆餐厅用餐。下午重点参观科学馆，傍晚采购生活物资。期望通过展品激发元南探索欲，同时完成生活必需品补充。,方知衡发现元南在博物馆表现出惊人专注力，完整记录三小时展览内容。超市突发事件中，少年保持冷静观察的态度值得肯定。晚餐时注意到元南切菜手法进步，考虑逐步增加生活技能培训。睡前确认本周监护日志，认为已建立基本暑期节奏框架。,"元南, 老王, 易奶奶",元南-角色简介；老王-角色简介；易奶奶-角色简介,,,,,
2025-07-20,周日,无,夏季,多云转晴，气温28℃,暑期节奏建立,方知衡计划在学期结束后调整工作节奏，重点完成宇宙尘埃观测项目的设备调试。每天清晨保持明镜公园晨跑习惯，下午在香丘天文院校准光谱仪。同时需承担元逸托付的元南暑期监护，计划带元南参观天文台并讲解基础天文知识。晚间整理观测数据时，发现设备存在周期性误差问题，需重新设计校准方案。周末准备带元南去市立博物馆天文展区，途中在好味道茶餐厅解决午餐。,两天内完成光谱仪校准收尾工作，设备误差问题解决。元南暑期监护步入正轨，通过博物馆和植物园活动培养其观察记录能力。林安予在数据处理中展现成长，工作配合更默契。都市生活节奏成功建立，设备维护与教育责任实现平衡。,方知衡计划上午完成设备调试收尾工作，中午带元南参观市立博物馆历史展区，下午处理数据报告，晚上检查元南的暑假作业。重点确保元南在暑期活动中保持学习兴趣，同时推进设备校准工作。,设备调试意外发现接口问题，但及时解决。元南在博物馆展现的好奇心让方知衡调整了辅导策略，决定增加实践性学习。林安予的细致观察力在数据复核中发挥价值。明日需完成报告提交并安排元南的实践活动。,"元南, 林安予, 罗恒",元南-角色简介；林安予-角色简介；罗恒-角色简介,,,,,
2025-07-21,周一,无,夏季,晴，午后有阵雨，气温30℃,暑期节奏建立,方知衡计划在学期结束后调整工作节奏，重点完成宇宙尘埃观测项目的设备调试。每天清晨保持明镜公园晨跑习惯，下午在香丘天文院校准光谱仪。同时需承担元逸托付的元南暑期监护，计划带元南参观天文台并讲解基础天文知识。晚间整理观测数据时，发现设备存在周期性误差问题，需重新设计校准方案。周末准备带元南去市立博物馆天文展区，途中在好味道茶餐厅解决午餐。,,方知衡需完成校准报告终稿，中午与林安予确认数据归档流程。下午带元南参加植物园生态观察，晚上准备粤式炖汤。重点培养元南的系统记录习惯。,报告提交后系统误差问题闭环。植物园实践验证了方知衡的教育理念：严谨态度需从小培养。健身婆婆的养生经验意外启发绿植养护新方法。元南开始适应系统化记录方式，监护与工作平衡初见成效。,"元南, 林安予, 健身婆婆",元南-角色简介；林安予-角色简介；健身婆婆-角色简介,,,,,
2025-07-22,周二,大暑,夏季,晴，37℃,高温下的协作,方知衡计划针对大暑高温调整工作安排，将观测时段移至夜间。白天在云枢大学整理教材时，收到林安予关于数据异常的提醒，计划共同复核三个月前的观测记录。每周三次在明镜公园晨跑后顺路探访罗恒的便利店，协助解决冰柜故障问题。周末计划带元南进行首次夜间观星实践，准备自制星图手册。在好味道茶餐厅偶遇郝聪明购买教材，简短交流考研备考经验。,本批次聚焦高温下的协作主题，方知衡通过与罗恒维修便利店冰柜建立技术互助模式，在设备散热方案中融入老王提供的医疗设备经验。指导元南完善观察记录方法时，结合学生小刘的运动数据管理经验形成教学案例。社区防暑知识分享会整合健身婆婆的实践技巧与方知衡的科学原则，易奶奶的民间智慧为老旧设备维护提供新视角。郝聪明在困境中的坚持态度得到肯定，为后续协作奠定基础。,方知衡计划在大暑假日保持规律作息，上午完成晨跑后前往罗恒的便利店协助冰柜检修。中午在可心咖啡厅处理工作邮件，下午带元南进行户外观察实践。晚间整理摄影作品并规划明日工作。期望通过设备维修实践高温协作主题，同时培养元南的观察能力。,方知衡在大暑日完成既定计划，与罗恒的维修协作建立信任基础。观察到郝聪明在困境中保持学习的态度值得肯定。指导元南实践时发现其观察力敏锐但记录缺乏条理，需加强系统性训练。高温下设备维护的复杂性超出预期，需进一步研究散热方案。明日将重点处理积压行政工作并跟进维修配件进度。,"罗恒, 元南, 郝聪明, 健身婆婆",罗恒-角色简介；元南-角色简介；郝聪明-角色简介；健身婆婆-角色简介,,,,,
2025-07-23,周三,无,夏季,多云，35℃,高温下的协作,方知衡计划针对大暑高温调整工作安排，将观测时段移至夜间。白天在云枢大学整理教材时，收到林安予关于数据异常的提醒，计划共同复核三个月前的观测记录。每周三次在明镜公园晨跑后顺路探访罗恒的便利店，协助解决冰柜故障问题。周末计划带元南进行首次夜间观星实践，准备自制星图手册。在好味道茶餐厅偶遇郝聪明购买教材，简短交流考研备考经验。,,方知衡计划专注处理积压行政工作，上午审核暑期项目预算，中午与林安予讨论学生实践方案。下午采购冰柜维修配件，顺路考察元南推荐的摄影取景点。晚间检测配件兼容性并准备明日维修方案。,方知衡高效完成行政审核，肯定林安予的学生管理方案。元南的进步明显但需强化细节记录。配件采购验证市场调研的重要性，瑟琳娜对光影的敏感度令人印象深刻。设备散热问题凸显专业协作价值，老王提供的医疗设备经验具有参考意义。明日维修需做好降温预案，确保操作安全。,"林安予, 元南, 罗恒, 瑟琳娜",林安予-角色简介；元南-角色简介；罗恒-角色简介；瑟琳娜-角色简介,,,,,
2025-07-24,周四,无,夏季,晴，36℃,高温下的协作,方知衡计划针对大暑高温调整工作安排，将观测时段移至夜间。白天在云枢大学整理教材时，收到林安予关于数据异常的提醒，计划共同复核三个月前的观测记录。每周三次在明镜公园晨跑后顺路探访罗恒的便利店，协助解决冰柜故障问题。周末计划带元南进行首次夜间观星实践，准备自制星图手册。在好味道茶餐厅偶遇郝聪明购买教材，简短交流考研备考经验。,,方知衡重点进行便利店设备维修协作，上午与罗恒更换冰柜压缩机。中午检查元南的观察报告，下午指导其完善记录方法。晚间参加社区防暑知识分享会，总结维修经验。,方知衡成功完成冰柜维修协作，罗恒的实操经验与易奶奶的民间智慧形成互补。元南基本掌握系统记录方法，但数据关联分析仍需加强。社区分享会验证科学知识的普及价值，健身婆婆的急救演示生动有效。高温协作主题在实践中展现多重维度，设备维护经验可转化为教学案例。明日需跟进电路安全检查预约，并完善学生实践手册的应急章节。,"罗恒, 元南, 健身婆婆, 易奶奶",罗恒-角色简介；元南-角色简介；健身婆婆-角色简介；易奶奶-角色简介,,,,,
2025-07-25,周五,无,夏季,晴，35℃,高温下的协作,方知衡计划针对大暑高温调整工作安排，将观测时段移至夜间。白天在云枢大学整理教材时，收到林安予关于数据异常的提醒，计划共同复核三个月前的观测记录。每周三次在明镜公园晨跑后顺路探访罗恒的便利店，协助解决冰柜故障问题。周末计划带元南进行首次夜间观星实践，准备自制星图手册。在好味道茶餐厅偶遇郝聪明购买教材，简短交流考研备考经验。,这三天重点推进高温协作主题，方知衡成功协助罗恒解决便利店冰柜故障，建立定期维护机制。与郝聪明的两次接触中，提供实质性的考研支持并观察到其状态改善。在暴雨天气应对中展现严谨的预防意识，同时维持与元南的教育互动。通过书店见义勇为、救助站巡视等事件，体现其默默关怀弱小的特质。高温下的技术实践与生活智慧成为本批次主线,方知衡计划上午完成云枢大学的期末试卷批改工作，中午在食堂用餐时与林安予讨论暑期实习安排。下午前往香丘山区罗恒的便利店协助维修冰柜，晚间在家整理书房藏书。重点关注高温下的设备维护问题，并准备为郝聪明提供考研资料,方知衡完成试卷批改后，在烈日下驱车至山区协助罗恒维修冰柜。发现压缩机因高温散热不良，通过加装临时散热装置解决问题。罗恒的手冲咖啡让他想起母亲生前煮咖啡的习惯，但未多言。晚间整理出三年前的考研笔记给郝聪明，严谨标注哪些内容已过时需更新。高温下的协作让他反思现代人过度依赖电器的脆弱性,"林安予, 罗恒, 郝聪明",林安予-角色简介；罗恒-角色简介；郝聪明-角色简介,,,,,
2025-07-26,周六,无,夏季,多云，33℃,高温下的协作,方知衡计划针对大暑高温调整工作安排，将观测时段移至夜间。白天在云枢大学整理教材时，收到林安予关于数据异常的提醒，计划共同复核三个月前的观测记录。每周三次在明镜公园晨跑后顺路探访罗恒的便利店，协助解决冰柜故障问题。周末计划带元南进行首次夜间观星实践，准备自制星图手册。在好味道茶餐厅偶遇郝聪明购买教材，简短交流考研备考经验。,,方知衡计划清晨提前晨跑避开高温，上午指导元南摄影构图技巧，中午在可心咖啡厅与郝聪明见面交接考研资料。下午巡视流浪猫救助站，晚间赴市立医院探望体检的老王,方知衡在晨光中指导元南摄影技巧，强调等待的重要性。与郝聪明的咖啡厅会面中，发现对方因考研压力指甲咬损严重，遂推荐减压方法。救助站巡视时调整猫窝位置避免西晒，注意到有只三花猫似乎认识他。医院探望老王时学习到设备维护新知识，但婉拒了多余的社交邀约,"元南, 郝聪明, 老王",元南-角色简介；郝聪明-角色简介；老王-角色简介,,,,,
2025-07-27,周日,无,夏季,雷阵雨，31℃,高温下的协作,方知衡计划针对大暑高温调整工作安排，将观测时段移至夜间。白天在云枢大学整理教材时，收到林安予关于数据异常的提醒，计划共同复核三个月前的观测记录。每周三次在明镜公园晨跑后顺路探访罗恒的便利店，协助解决冰柜故障问题。周末计划带元南进行首次夜间观星实践，准备自制星图手册。在好味道茶餐厅偶遇郝聪明购买教材，简短交流考研备考经验。,,方知衡计划晨跑后前往旧时光书店选购食谱，中午在好味道茶餐厅与罗恒复盘冰柜维修效果。下午检查家中防潮措施，晚间整理本周工作日志并为元南准备下周学习资料,方知衡在书店亲历易奶奶智擒小偷的传奇时刻，但婉拒了被宣传为英雄。与罗恒的茶餐厅会面确认冰柜维修成功，并分享商品保存改良方案。暴雨导致家中湿度超标，抢救藏书时发现珍贵笔记边缘受潮，这让他更坚定实施定期维护计划。为元南准备的自然观察笔记特意加入防暑提示,"罗恒, 易奶奶",罗恒-角色简介；易奶奶-角色简介,,,,,
2025-07-14,周一,无,夏季,多云，气温28℃,盛夏数据攻坚与意外人际联结,方知衡计划启动夏季宇宙射线数据分析项目，每日清晨在明镜公园晨跑后直接前往香丘天文院，专注处理观测数据至傍晚。周三周五下午在云枢大学指导研究生，特别关注林安予的课题进展。周末计划前往香丘山区摄影时，在罗恒便利店偶遇讨论元南暑期安排。大暑当日调整工作节奏，接受元逸邀请在好味道茶餐厅用餐，席间讨论青少年教育问题。,这三天稳步推进数据清洗与元南教育框架建设。工作方面完成数据清洗第一阶段，参与天文院系统升级讨论；教学方面与林安予完善课题指导方案，吸纳学生创新建议。人际关系方面，与罗恒建立元南课程合作，从老王处获得跨领域技术启发。下一阶段需重点落实元南自然教育试讲，并解决系统升级中的数据迁移问题。,方知衡计划今天专注数据清洗工作，上午在云枢大学处理研究生课题指导方案，中午在食堂用餐后前往香丘天文院继续数据清洗。晚间准备与元逸通话讨论元南暑期学习框架，并抽时间阅读王小波的《黄金时代》。,今日顺利完成数据清洗第一阶段工作，林安予提出的新算法虽需验证但展现其批判性思维。与元逸就元南教育框架达成共识，计划本周实地考察香丘山区的自然教育基地。在食堂与张教授的交流提醒自己需更积极参与院系活动。睡前思考如何平衡工作责任与对年轻一代的引导，决定明天开始记录元南的学习进度表。,"林安予, 元逸",林安予-角色简介；元逸-角色简介,,,,,
2025-07-15,周二,无,夏季,晴转阵雨，气温30℃,盛夏数据攻坚与意外人际联结,方知衡计划启动夏季宇宙射线数据分析项目，每日清晨在明镜公园晨跑后直接前往香丘天文院，专注处理观测数据至傍晚。周三周五下午在云枢大学指导研究生，特别关注林安予的课题进展。周末计划前往香丘山区摄影时，在罗恒便利店偶遇讨论元南暑期安排。大暑当日调整工作节奏，接受元逸邀请在好味道茶餐厅用餐，席间讨论青少年教育问题。,,方知衡计划上午完成数据清洗收尾工作，中午前往市立医院年度体检。下午修订研究生课题指导方案，晚间考察香丘山区的自然教育路线，为元南设计户外课程。,体检报告显示尘螨过敏症状减轻，老王的技术见解为仪器维护提供新思路。暴雨导致山区考察缩短，但与罗恒的交流获得珍贵的地域知识。林安予对教学方案的改进建议值得采纳，需增加实践案例的比例。意识到自然教育不仅是知识传授，更要培养元南的观察力与责任感。,"罗恒, 老王",罗恒-角色简介；老王-角色简介,,,,,
2025-07-16,周三,无,夏季,多云，气温29℃,盛夏数据攻坚与意外人际联结,方知衡计划启动夏季宇宙射线数据分析项目，每日清晨在明镜公园晨跑后直接前往香丘天文院，专注处理观测数据至傍晚。周三周五下午在云枢大学指导研究生，特别关注林安予的课题进展。周末计划前往香丘山区摄影时，在罗恒便利店偶遇讨论元南暑期安排。大暑当日调整工作节奏，接受元逸邀请在好味道茶餐厅用餐，席间讨论青少年教育问题。,,方知衡计划上午处理积压邮件并完善元南课程表，中午与林安予确认课题方案细节。下午参加天文院系统升级会议，晚间整理书房并联系元逸反馈考察情况。,系统升级会议暴露数据安全管理漏洞，需制定更完善的应急预案。林安予的案例教学模板实用性强，可推广到其他课题组。与元逸确认元南首次课程内容，计划周末进行试讲。意识到技术争论中应保持更开放态度，老王跨领域的经验值得重视。,"林安予, 元逸",林安予-角色简介；元逸-角色简介,,,,,
2025-07-17,周四,无,夏季,晴转多云,盛夏数据攻坚与意外人际联结,方知衡计划启动夏季宇宙射线数据分析项目，每日清晨在明镜公园晨跑后直接前往香丘天文院，专注处理观测数据至傍晚。周三周五下午在云枢大学指导研究生，特别关注林安予的课题进展。周末计划前往香丘山区摄影时，在罗恒便利店偶遇讨论元南暑期安排。大暑当日调整工作节奏，接受元逸邀请在好味道茶餐厅用餐，席间讨论青少年教育问题。,本批次成功推进数据清洗核心工作，解决设备校准问题。建立元南暑期学习框架并完成首次实地教学，与罗恒形成教育协作机制。林安予的课题方案修订取得进展，张教授确认了下周系统升级计划。方知衡同时维持对流浪动物救助的定期关怀，平衡专业责任与社会关怀。,方知衡计划上午在香丘天文院完成数据清洗工作，中午与林安予讨论研究生课题方案修订。下午在云枢大学办公室完善教学材料，傍晚前往香丘山区与罗恒讨论元南暑期学习计划，晚上回家整理文件并准备次日工作。,今日完成数据清洗关键阶段，与林安予就课题方案达成共识。晚间与罗恒成功搭建元南学习框架，确定每周三下午为见习时间。注意到办公室白掌需要换盆，记入明日待办事项。,"林安予, 罗恒",林安予-角色简介；罗恒-角色简介,,,,,
2025-07-18,周五,无,夏季,多云,盛夏数据攻坚与意外人际联结,方知衡计划启动夏季宇宙射线数据分析项目，每日清晨在明镜公园晨跑后直接前往香丘天文院，专注处理观测数据至傍晚。周三周五下午在云枢大学指导研究生，特别关注林安予的课题进展。周末计划前往香丘山区摄影时，在罗恒便利店偶遇讨论元南暑期安排。大暑当日调整工作节奏，接受元逸邀请在好味道茶餐厅用餐，席间讨论青少年教育问题。,,方知衡计划上午处理数据异常点，中午与张教授讨论系统升级影响。下午带元南参观大学实验室建立学习兴趣，晚上检查救助站猫咪健康状况并采购绿植。,成功解决数据异常问题，与张教授确认系统升级日程。元南对实验室表现出强烈兴趣，决定增加实践环节在框架中。救助站猫咪健康状况良好，续缴半年资助费用。,"张教授, 元南",张教授-角色简介；元南-角色简介,,,,,
2025-07-19,周六,无,夏季,晴,盛夏数据攻坚与意外人际联结,方知衡计划启动夏季宇宙射线数据分析项目，每日清晨在明镜公园晨跑后直接前往香丘天文院，专注处理观测数据至傍晚。周三周五下午在云枢大学指导研究生，特别关注林安予的课题进展。周末计划前往香丘山区摄影时，在罗恒便利店偶遇讨论元南暑期安排。大暑当日调整工作节奏，接受元逸邀请在好味道茶餐厅用餐，席间讨论青少年教育问题。,,方知衡计划上午处理工作邮件，中午与元逸讨论元南进展。下午带元南进行首次山区实地考察，晚上整理本周工作记录并准备下周计划。,与元逸就教育方式达成共识，强调趣味学习的重要性。山区实地考察效果显著，元南已掌握基础岩石辨识技能。完成本周所有工作目标，数据清洗进度符合预期。,"元逸, 元南, 罗恒",元逸-角色简介；元南-角色简介；罗恒-角色简介,,,,,
2025-07-14,周一,无,夏季,晴转多云,,周期1：方知衡将在9天内重点关注个人发展和日常生活的平衡，通过规律的工作学习和适度的社交活动，逐步推进各项目标的实现，保持身心健康和积极的生活状态。,这三天方知衡在履行临时监护责任中展现核心特质：辅导作业时用逻辑引导代替直接给答案（严谨）；超市结账时温和提醒店员失误（包容）；调整作息照顾少年需求（责任感）。通过元南的互动深化'责任始于了解'的价值观，在书店选书、饮食选择等细节体现尊重个体差异。监护结束回归独居时，既有秩序恢复的放松，也留存对人际联结的新思考。,方知衡计划今天开始为期三天的元南临时监护。早晨完成晨跑后直接去云枢大学处理工作邮件，中午接元南共进午餐了解其暑期计划，下午指导元南完成暑期作业，晚上带元南去旧时光书店选书并回家准备清淡晚餐。,方知衡顺利完成首日监护工作。在辅导作业时注意到元南对物理概念的理解偏差，用阶梯式提问引导其自主发现错误。书店选书时尊重少年偏好，仅建议补充科普读物。晚餐后检查元南手机使用时间略长，用'保护视力'替代'少玩手机'的表述提醒。整体节奏比独居时忙碌，但看到元南完成作业的满足表情时感到责任落实的安心。,"元南, 健身婆婆",元南-角色简介；健身婆婆-角色简介,,,,,
2025-07-15,周二,无,夏季,多云,,周期1：方知衡将在9天内重点关注个人发展和日常生活的平衡，通过规律的工作学习和适度的社交活动，逐步推进各项目标的实现，保持身心健康和积极的生活状态。,,方知衡调整晨跑时间为送元南上学后。上午处理研究院数据报告，中午与同事简餐时讨论教育方式。下午提前结束工作接元南，顺路去Fresh超市补充食材，晚上辅导作业后带元南散步放松。,方知衡在超市注意到郝聪明工作失误时的慌乱，用不带指责的方式提醒操作流程。发现元南对蜜瓜表现兴趣时，虽然认为糖分偏高仍购买小份，体现适度包容。散步时教导少年接触流浪动物的安全准则，强调'责任始于了解风险'。整体保持规律作息的同时，为照顾元南适当调整行程优先级。,"元南, 郝聪明, 瑟琳娜",元南-角色简介；郝聪明-角色简介；瑟琳娜-角色简介,,,,,
2025-07-16,周三,无,夏季,小雨转阴,,周期1：方知衡将在9天内重点关注个人发展和日常生活的平衡，通过规律的工作学习和适度的社交活动，逐步推进各项目标的实现，保持身心健康和积极的生活状态。,,方知衡计划今日结束监护工作。晨跑后送元南参加暑期活动，上午集中处理积压邮件，中午与元逸交接时反馈元南情况，下午参加院系会议，晚上恢复独居常规。,方知衡完成监护责任后如释重负。与元逸交接时用具体数据替代主观评价，体现客观态度。会议中坚持研究严谨性，避免为赶进度妥协质量标准。家中恢复独居秩序时，意外发现元南留下的感谢纸条，小心夹入笔记本收藏。三天监护经历使其思考责任与个人空间的平衡关系。,"元南, 元逸, 易奶奶",元南-角色简介；元逸-角色简介；易奶奶-角色简介,,,,,
2025-07-17,周四,无,夏季,晴转多云,,周期1：方知衡将在9天内重点关注个人发展和日常生活的平衡，通过规律的工作学习和适度的社交活动，逐步推进各项目标的实现，保持身心健康和积极的生活状态。,这三天展现方知衡严谨生活中的意外涟漪：暴雨中与老李发现地方志疑点，指导元南摄影时传递真实高于美观的理念，超市观察收银员互动显露敏锐洞察。防潮珠与相机霉点事件串联起物品维护的执着，健身婆婆的晨练指导成为固定风景。为下周元南的摄影实践与老李的档案研究埋下伏笔。,方知衡计划今天主要完成云枢大学的行政工作，上午处理课题经费审批，下午参加院系会议。中午在食堂清淡窗口用餐，傍晚去Fresh超市补充生活用品。晚间继续阅读王小波的《黄金时代》，预计22:30休息。,方知衡今日高效完成行政事务，会议中坚持基础研究价值引发同事深思。超市偶遇收银员时注意到郝聪明紧张擦拭眼镜、瑟琳娜精准工作的反差。归家后整理购物袋时发现郝聪明多放了盒薄荷糖，决定下次归还。睡前思考王小波笔下知识分子困境与现实的微妙呼应。,"郝聪明, 瑟琳娜",郝聪明-角色简介；瑟琳娜-角色简介,,,,,
2025-07-18,周五,无,夏季,阵雨,,周期1：方知衡将在9天内重点关注个人发展和日常生活的平衡，通过规律的工作学习和适度的社交活动，逐步推进各项目标的实现，保持身心健康和积极的生活状态。,,今日重点完成研究数据分析报告，中午约元逸在好味道茶餐厅讨论元南暑期安排。下午旧时光书店取预订书籍，若下雨改乘出租车。晚间回复学术邮件，整理上周观测记录（非天文内容），23:00前休息。,暴雨打乱原计划却带来意外收获，与元逸午餐敲定元南的摄影指导安排。书店偶遇老李激发对方志照片的考据兴趣，约定共享档案资料。发现徕卡相机霉点时庆幸及时处理，雷雨夜反复检查消防隐患的举动透露童年阴影残留。,"元逸, 老李",元逸-角色简介；老李-角色简介,,,,,
2025-07-19,周六,无,夏季,晴,,周期1：方知衡将在9天内重点关注个人发展和日常生活的平衡，通过规律的工作学习和适度的社交活动，逐步推进各项目标的实现，保持身心健康和积极的生活状态。,,周末晨跑延长至1小时，带元南参观旧时光书店并指导摄影构图。中午选择清净餐馆用餐，下午送相机保养后去云间杂物铺买除湿剂。晚间整理书房除湿，23:00前完成下周日程规划。,周末指导元南摄影收获惊喜，少年对真实性的领悟超预期。处理相机霉点时想起母亲遗物需更精心维护。杂物铺事件展现危机处理能力，易奶奶的防潮珠成为实用馈赠。晚间整理书籍发现去年夹在《金阁寺》里的银杏叶，感叹时间流逝却无感伤。,"元南, 易奶奶",元南-角色简介；易奶奶-角色简介,,,,,
2025-07-20,周日,无,夏季,晴转多云,,周期1：方知衡将在9天内重点关注个人发展和日常生活的平衡，通过规律的工作学习和适度的社交活动，逐步推进各项目标的实现，保持身心健康和积极的生活状态。,这三天完整展现方知衡在都市生活中的节奏把控：周日完成自我休整与食材采购，周一高效处理学术与行政事务并辅导元南课业，大暑假日主动调整节奏参与社区文化讲座。重点推进了与老李的地方志校勘合作，深化了与元南的辅导关系，同时通过健身婆婆、易奶奶等社区互动强化了城市生活真实感。为下周期预留了地方志研究深化、元南辅导跟进等自然衔接点。,方知衡计划今天以个人休整为主，早晨在明镜公园完成常规晨跑后，前往旧时光书店补充阅读。中午尝试大学食堂新开的粤式炖汤窗口，下午整理书房藏书并处理邮件。傍晚到Fresh超市采购下周食材，保持清淡饮食原则，避开人流高峰时段。,方知衡完成计划内的休整日安排，在明镜公园获得健身婆婆关于夏季运动的实用建议。书店选购的地方志为研究云枢市变迁提供新视角，但发现其中两处史料矛盾需核实。婉拒元逸聚会邀请时考虑到其子元南的期末考试临近，计划改日单独辅导。超市采购保持食材新鲜度原则，注意到冷藏区温度异常及时提醒店员。,"健身婆婆, 郝聪明, 瑟琳娜",健身婆婆-角色简介；郝聪明-角色简介；瑟琳娜-角色简介,,,,,
2025-07-21,周一,无,夏季,多云有阵雨,,周期1：方知衡将在9天内重点关注个人发展和日常生活的平衡，通过规律的工作学习和适度的社交活动，逐步推进各项目标的实现，保持身心健康和积极的生活状态。,,方知衡安排紧凑的工作日节奏，晨跑后直接前往市立博物馆查阅地方史料。中午与策展人讨论文献勘误，下午回校处理行政事务。傍晚赴元南的辅导约定，重点关注其数学薄弱环节。,方知衡高效完成博物馆史料核查，与老李建立学术合作意向。在行政工作中保持一贯严谨，驳回不完整报销申请。辅导元南时发现其空间想象力突出但计算粗心，针对性设计测量案例提升学习兴趣。注意到元逸订餐时疏忽配料表，下次考虑自带餐食避免尴尬。,"老李, 元南",老李-角色简介；元南-角色简介,,,,,
2025-07-22,周二,大暑,夏季,晴热,,周期1：方知衡将在9天内重点关注个人发展和日常生活的平衡，通过规律的工作学习和适度的社交活动，逐步推进各项目标的实现，保持身心健康和积极的生活状态。,,方知衡调整大暑假日安排，避开高温时段户外活动。早晨提前晨跑后专注阅读，中午尝试自制解暑汤品。下午赴书店参加地方文化讲座，傍晚采购防暑物资捐赠社区。,方知衡成功应对大暑高温，健身婆婆的薄荷配方有效缓解晨跑不适。讲座收获传统防暑智慧的知识框架，与老李达成地方志校勘合作意向。易奶奶分享的社区安全经验补充了防护认知。捐赠防暑物资时考虑独居老人需求，未来计划增加定期捐赠频率。,"易奶奶, 老李",易奶奶-角色简介；老李-角色简介,,,,,
2025-07-23,周三,无,夏季,晴转多云,,周期2：方知衡将在12天内重点关注个人发展和日常生活的平衡，通过规律的工作学习和适度的社交活动，逐步推进各项目标的实现，保持身心健康和积极的生活状态。,这三天方知衡在规律生活中深化社区联结：与老李建立史料研究合作，指导元南摄影兴趣时发现其观察力天赋。超市偶遇中注意到郝聪明与瑟琳娜的微妙互动，但保持旁观不介入。健身婆婆分享的天气经验证实实用，易奶奶的手工修补令人感怀传统技艺。暴雨带来计划调整，但推动方知衡重新审视家庭空间维护需求，为下周期社区摄影记录项目埋下伏笔。,方知衡计划上午完成教材修订工作后，中午前往旧时光书店寻找新出版的科普读物。下午预约超市采购生活用品，重点关注新鲜果蔬和低糖食品。晚间准备整理书房藏书，并期待元南按约定来访讨论暑期计划。希望保持生活节奏的同时，能发现些有趣的日常细节。,方知衡认为今天最大收获是发现老李对地方史料的严谨态度值得借鉴。教材修订进度因意外耽搁，但帮助郝聪明时观察到年轻人眼里的执着。对元南主动提出摄影兴趣稍感意外，考虑是否该分享自己的徕卡相机。临睡前检查门窗时，发现晨跑鞋边沿开胶，计划明日送修。,"元南, 老李, 郝聪明",元南-角色简介；老李-角色简介；郝聪明-角色简介,,,,,
2025-07-24,周四,无,夏季,多云转小雨,,周期2：方知衡将在12天内重点关注个人发展和日常生活的平衡，通过规律的工作学习和适度的社交活动，逐步推进各项目标的实现，保持身心健康和积极的生活状态。,,方知衡计划晨跑后送修运动鞋，顺路采购装订材料整理手稿。中午预约博物馆拜访老李，下午处理学校行政文件。晚间准备炖煮山药排骨汤，查看元南发来的摄影作品初选。希望保持工作生活平衡。,方知衡欣赏老李对历史细节的考据精神，但认为1903年数据差异可能源于记录工具误差。元南的摄影悟性超出预期，考虑周末带他实践构图技巧。瑟琳娜突兀的提问暗示她与郝聪明可能有交集，但选择不深究。临睡前将易奶奶送的纽扣按色系收进针线盒。,"健身婆婆, 老李, 瑟琳娜",健身婆婆-角色简介；老李-角色简介；瑟琳娜-角色简介,,,,,
2025-07-25,周五,无,夏季,中雨,,周期2：方知衡将在12天内重点关注个人发展和日常生活的平衡，通过规律的工作学习和适度的社交活动，逐步推进各项目标的实现，保持身心健康和积极的生活状态。,,方知衡计划全天处理积压邮件，中午尝试新沙拉食谱。下午验收家政保洁，重点检查书房除尘效果。晚间准备赴元逸的健身邀约，需提前确认暴雨是否影响场地。希望结束前完成所有待办事项。,方知衡满意今日高效处理完37封邮件，但家政清洁仍遗漏三处死角。元南的摄影进步明显，考虑系统指导他记录城市变迁。元逸的健身热情与少年时无异，暴雨中坚持运动的精神值得肯定。睡前将薄荷香包放入公文包，预备明日重启晨跑。,"元逸, 元南, 健身婆婆",元逸-角色简介；元南-角色简介；健身婆婆-角色简介,,,,,
2025-07-26,周六,无,夏季,晴转多云,,周期2：方知衡将在12天内重点关注个人发展和日常生活的平衡，通过规律的工作学习和适度的社交活动，逐步推进各项目标的实现，保持身心健康和积极的生活状态。,这三天方知衡在都市日常生活中展现多重角色：社区观察者（超市/书店/杂物铺）、青少年导师（元南辅导）、自律实践者（饮食/作息）。与健身婆婆的晨跑互动建立健康联系，杂物铺事件强化安全意识，元南辅导体现教育责任感。饮食严格保持清淡风格，所有社交互动基于生活场景自然发生，避免刻意情感发展。为下周期元南实验教学做好铺垫，同时社区人际关系网络初步形成。,方知衡计划今日以个人事务为主。上午在明镜公园晨跑后，前往Fresh超市采购本周食材，确保选择符合清淡口味的新鲜食材。下午在家中整理书房藏书，按地域年代重新归类。傍晚若天气允许，考虑去旧时光书店寻找新出版的严肃文学作品。全天保持规律作息，避免油腻食物。,方知衡完成本周食材采购和书房整理，在超市和书店的偶遇让他观察到郝聪明的工作压力和瑟琳娜的冷艳表象下的专业素养。与老李关于考古的短暂交流带来新视角，提醒他文化传承的重要性。保持清淡饮食和规律作息，明日需处理元南的学习进度问题。,"健身婆婆, 郝聪明, 瑟琳娜",健身婆婆-角色简介；郝聪明-角色简介；瑟琳娜-角色简介,,,,,
2025-07-27,周日,无,夏季,多云,,周期2：方知衡将在12天内重点关注个人发展和日常生活的平衡，通过规律的工作学习和适度的社交活动，逐步推进各项目标的实现，保持身心健康和积极的生活状态。,,今日重点处理元南的学业辅导。上午在家中准备适合青少年的学习资料，中午做简易法餐。下午元逸送元南过来时进行三方交流，了解少年近期困惑。傍晚带元南去明镜公园散步放松，途中传授观察自然的技巧。全天注意保持耐心倾听。,全日围绕元南的学业辅导展开，方知衡成功用生活化案例解释物理概念，并在公园实践中培养少年观察力。与元逸的交流确认了家庭教育方向的一致性。注意到元南在运动时的开朗表现，考虑后续增加实践教学比例。明日需补充实验材料。,"元南, 元逸, 健身婆婆",元南-角色简介；元逸-角色简介；健身婆婆-角色简介,,,,,
2025-07-28,周一,无,夏季,小雨转阴,,周期2：方知衡将在12天内重点关注个人发展和日常生活的平衡，通过规律的工作学习和适度的社交活动，逐步推进各项目标的实现，保持身心健康和积极的生活状态。,,处理积压行政事务为主。上午在家回复邮件并整理报销单据，注意票据按时间排序。中午尝试瑟琳娜推荐的咖啡豆，搭配清淡午餐。下午去云间杂物铺购买元南实验所需材料，留意易奶奶提到的防盗要点。傍晚提前结束工作，维持作息规律。,方知衡高效完成行政事务，在杂物铺目睹易奶奶敏锐的防盗能力后更重视社区安全。实验教案准备中特别强化安全条款，反映其责任意识。郝聪明的感谢暗示前日帮助促成良好互动。明日需执行实验教学计划。,"易奶奶, 郝聪明",易奶奶-角色简介；郝聪明-角色简介,,,,,
2025-07-29,周二,无,夏季,晴转多云，32℃,,周期2：方知衡将在12天内重点关注个人发展和日常生活的平衡，通过规律的工作学习和适度的社交活动，逐步推进各项目标的实现，保持身心健康和积极的生活状态。,过去三天强化了方知衡的都市生活节奏：晨跑偶遇健身婆婆建立锻炼指导关系，超市与郝聪明的互动发现其疲惫状态并给予关怀，书店和餐厅与元南的交流深化亦师亦友联结。通过博物馆参观和咖啡厅讨论，与老李就策展逻辑达成专业共识。易奶奶的防盗敏锐度与收纳建议拓展社区网络。整体推进了非学术场景下的社区融入，为下阶段人际关系发展奠定基础。,方知衡计划保持规律作息，晨间在明镜公园完成晨跑后处理工作邮件。中午前往Fresh超市采购生活物资，特别注意补充绿植营养剂和低糖酸奶。下午在旧时光书店挑选新到的纪实摄影集，晚餐准备自制粤式清汤和蔬菜沙拉。全天避免任何酒精类饮品，维持清爽饮食节奏。,方知衡满意今日的节奏把控，晨跑时健身婆婆的实用建议值得采纳。超市采购发现郝聪明状态疲惫，考虑改日带些助眠花草茶给他。与元南的书店偶遇令人愉悦，少年对科幻的热情让人想起自己年少时的求知欲。晚餐自制料理符合健康标准，明日需记得给天文院绿植更换营养土。,"郝聪明, 元南",郝聪明-角色简介；元南-角色简介,,,,,
2025-07-30,周三,无,夏季,雷阵雨，29℃,,周期2：方知衡将在12天内重点关注个人发展和日常生活的平衡，通过规律的工作学习和适度的社交活动，逐步推进各项目标的实现，保持身心健康和积极的生活状态。,,因预报雷雨调整晨跑为室内拉伸，重点整理书房过期期刊。中午前往云间杂物铺补充家居用品，注意选购无香型清洁剂。下午在家校对学术文稿，晚餐约元南在好味道茶餐厅，准备了解他的暑期阅读进展。避免任何含蒜料理。,雷雨打乱户外计划但提升工作效率，期刊整理释放两格书架空间。易奶奶的防盗敏锐度令人钦佩，获赠薰衣草包计划放置衣橱防虫。与元南的晚餐交流愉快，少年对科幻的理解深度超出预期，垫付餐费时注意到他羞赧神情，考虑后续以书籍作奖励。,"易奶奶, 元南",易奶奶-角色简介；元南-角色简介,,,,,
2025-07-31,周四,无,夏季,晴，31℃,,周期2：方知衡将在12天内重点关注个人发展和日常生活的平衡，通过规律的工作学习和适度的社交活动，逐步推进各项目标的实现，保持身心健康和积极的生活状态。,,恢复晨跑路线，重点观察雨后公园植被变化。上午交付校对文稿后，中午赴市立博物馆参观青铜器特展。下午在可心咖啡厅见老李讨论策展逻辑，晚餐简单解决。注意补充水分防暑。,晨跑恢复顺畅，健身婆婆的防滑技巧实用有效。博物馆青铜纹样激发跨学科思考，与老李的咖啡厅讨论收获颇丰，策展逻辑分析意外顺畅。转交郝聪明茶包时老李会心一笑，暗示察觉收银员近期焦虑。晚餐沙拉搭配合理，开始期待明日晨跑观察新抽枝的柳树。,"健身婆婆, 老李",健身婆婆-角色简介；老李-角色简介,,,,,
2025-08-01,周五,建军节,夏季,晴转多云,,周期2：方知衡将在12天内重点关注个人发展和日常生活的平衡，通过规律的工作学习和适度的社交活动，逐步推进各项目标的实现，保持身心健康和积极的生活状态。,建军节期间保持规律生活节奏，深化社区人际关系。与健身婆婆建立运动指导关系，获得实用跑步技巧；处理元南泼洒意外展现应急能力；婉拒老李看展邀约但采纳书单体现社交边界。家居维护发现水龙头渗水问题待解决，炖汤分装冷冻优化工作日饮食效率。整体维持内敛温和的日常互动模式。,方知衡计划在假日保持规律作息，上午完成晨跑后处理个人事务，中午采购生活用品，下午在书店阅读放松，晚上整理家居环境。重点是在超市采购时补充新鲜食材，保持健康饮食节奏。,建军假日保持规律节奏，晨跑时接受健身婆婆专业指导获益良多。超市采购过程顺利，郝聪明推荐的咖啡豆值得尝试。书店整理书籍时发现科普区混乱状况，虽非职责范围但仍主动整理。家居环境达到理想整洁度，明日需补充洗衣液等日用品。,"健身婆婆, 郝聪明, 易奶奶",健身婆婆-角色简介；郝聪明-角色简介；易奶奶-角色简介,,,,,
2025-08-02,周六,无,夏季,多云,,周期2：方知衡将在12天内重点关注个人发展和日常生活的平衡，通过规律的工作学习和适度的社交活动，逐步推进各项目标的实现，保持身心健康和积极的生活状态。,,今日重点处理生活杂务，上午补充日用品并寄送保养的钢笔，中午与元逸父子简餐，下午检查元南暑假作业进度，晚间准备粤式炖汤食材。,元南在餐厅的意外泼洒验证了携带手帕的必要性，及时处理避免污渍扩散。检查作业时发现青少年对细节把控不足，通过模型拼装实践传达严谨态度。水龙头渗水问题需联系物业，明日跟进维修进度。炖汤食材预处理节省了次日时间。,"元逸, 元南, 易奶奶",元逸-角色简介；元南-角色简介；易奶奶-角色简介,,,,,
2025-08-03,周日,无,夏季,小雨转阴,,周期2：方知衡将在12天内重点关注个人发展和日常生活的平衡，通过规律的工作学习和适度的社交活动，逐步推进各项目标的实现，保持身心健康和积极的生活状态。,,今日侧重休整调节，上午完成炖汤制作并阅读，中午整理摄影作品，下午公园散步思考工作安排，晚间提前规划新周行程。避开拥挤场所保持安静环境。,炖汤火候控制完美，分装冷冻确保工作日饮食质量。雨中散步获得实用的防滑鞋带系法，录像资料便于复习。婉拒老李看展邀请但接受书单，保持社交距离的同时获取知识资源。新周工作重点已明确标注。,"健身婆婆, 老李",健身婆婆-角色简介；老李-角色简介,,,,,
2025-08-04,周一,无,夏季,晴，28℃,,周期3：方知衡将在9天内重点关注个人发展和日常生活的平衡，通过规律的工作学习和适度的社交活动，逐步推进各项目标的实现，保持身心健康和积极的生活状态。,这3天方知衡成功建立社区生活平衡节奏，深化邻里关系：与健身婆婆交流健身与园艺心得，指导元南暑期规划，为郝聪明提供学习建议。生活管理方面完成绿植养护升级和文件系统优化，饮食坚持清淡健康原则。意外收获包括老李的文学推荐和易奶奶的实用工具建议。为下周期铺垫：需采购秋季食材，跟进元南读书会进展，并计划拜访市立博物馆。,方知衡计划保持规律作息，早晨在明镜公园晨跑，上午整理家中书籍，下午去Fresh超市采购一周食材，晚上阅读新购书籍。他特别留意要购买低糖酸奶和新鲜蔬菜，避开蒜味调味品。期望通过规律生活保持身心健康，并在超市偶遇熟人时进行简短交流。,方知衡顺利完成今日计划，晨跑时健身婆婆指正他跑步姿势中腕部摆动问题，收获实用建议。超市遇见郝聪明，注意到对方眼下有疲惫痕迹，简短交流后建议他注意作息规律。晚餐时发现芦笋新鲜度不足，决定下次改去早市采购蔬菜。整体保持平稳情绪，睡前确认明日晨跑路线无调整。,"健身婆婆, 郝聪明",健身婆婆-角色简介；郝聪明-角色简介,,,,,
2025-08-05,周二,无,夏季,多云，27℃,,周期3：方知衡将在9天内重点关注个人发展和日常生活的平衡，通过规律的工作学习和适度的社交活动，逐步推进各项目标的实现，保持身心健康和积极的生活状态。,,方知衡计划重点处理家中绿植养护，上午给书房山茶花换盆施肥，下午去明镜公园散步观察植物生长状态，途中可能再遇健身婆婆交流园艺心得。晚间打算尝试新食谱法式蔬菜汤，需购买新鲜香料。期望保持生活环境清新宜人，完善绿植养护知识。,今日计划因早起略有调整，但与元南的晨间交流收获颇丰，了解到青少年对科普读物的需求。易奶奶推荐的修枝剪实用性强，解决山茶花养护难题。晚餐蔬菜汤中罗勒用量稍多，记入食谱备注调整。发现晨跑提前半小时更凉爽舒适，考虑调整固定作息。,"健身婆婆, 元南",健身婆婆-角色简介；元南-角色简介,,,,,
2025-08-06,周三,无,夏季,小雨，25℃,,周期3：方知衡将在9天内重点关注个人发展和日常生活的平衡，通过规律的工作学习和适度的社交活动，逐步推进各项目标的实现，保持身心健康和积极的生活状态。,,方知衡计划完成旧时光书店的书籍借阅，上午归还到期图书并挑选新文学作品，中午在书店咖啡区阅读。下午整理家中文件归档系统，晚间尝试粤式冬瓜薏米汤。期望发现值得深度阅读的严肃文学作品，同时完善家庭文档管理体系。,雨天打乱晨跑计划但收获宁静阅读时光，老李的图书推荐精准匹配文学品味。文件归档中发现旧笔记保存问题，完善了防潮措施。晚餐汤品火候恰到好处，记入常用食谱。整体保持高效而不失松弛的节奏，明日需补充新鲜水果。,"老李, 健身婆婆",老李-角色简介；健身婆婆-角色简介,,,,,
2025-08-07,周四,立秋,夏季,晴朗，26-32℃,,周期3：方知衡将在9天内重点关注个人发展和日常生活的平衡，通过规律的工作学习和适度的社交活动，逐步推进各项目标的实现，保持身心健康和积极的生活状态。,这三天方知衡成功将周期重点转向都市日常管理。与元南的监护关系深化，通过独立任务考察其责任感，体能训练与报告指导双线推进。社区互动产生实质成果：支持老李出版项目，记录健身婆婆的专业建议，观察郝聪明的职业成长。生活节奏优化体现在立秋饮食调整、书房绿植更换等细节。发现元南仍存隐性专业偏好，需持续引导；促销安全隐患等社区问题待后续跟进。整体推进了周期主题，为下阶段融入更丰富城市生活场景奠定基础。,方知衡计划利用立秋假日调整生活节奏。上午带元南去明镜公园晨跑，随后到旧时光书店选购新书；中午在书店咖啡区用简餐；下午整理家中书房藏书；晚上准备清淡粤式晚餐并与元南复盘近期学习情况。重点关注元南的暑期适应状态。,方知衡满意今日节奏调整成效。晨跑时健身婆婆指出元南含胸问题，需关注其体态；书店偶遇老李带来意外收获，其推荐的摄影视角可应用于日常观察训练。注意到元南仍下意识接触天文书籍，但能及时转移关注点。晚餐时的球队话题显示元南社交能力提升，决定后续增加团队活动。书房整理中发现1998年植物图鉴保存完好，考虑捐赠给市立博物馆复刻本。,"元南, 健身婆婆, 老李",元南-角色简介；健身婆婆-角色简介；老李-角色简介,,,,,
2025-08-08,周五,无,夏季,多云，25-31℃,,周期3：方知衡将在9天内重点关注个人发展和日常生活的平衡，通过规律的工作学习和适度的社交活动，逐步推进各项目标的实现，保持身心健康和积极的生活状态。,,方知衡安排元南独立完成社区探索任务，自己则处理生活事务。上午前往Fresh超市采购立秋食材；中午在云间杂物铺更换书房绿植；下午回复学术邮件并准备下周课程；晚间检查元南的探索报告并指导写作规范。,方知衡赞赏元南独立完成社区调查的主动性。超市观察显示其价格记录方法存在误差，需加强数据采集训练；郝聪明的养生咨询反映年轻人健康意识提升。易奶奶的园艺经验值得记录，薄荷养护技巧已补充至家务手册。课程准备中发现学生常混淆因果与相关关系，计划增加课堂辨析练习。纪录片观看时元南提出尖锐的环保质疑，这种批判思维值得鼓励但需更严谨的论证支撑。,"元南, 郝聪明, 易奶奶",元南-角色简介；郝聪明-角色简介；易奶奶-角色简介,,,,,
2025-08-09,周六,无,夏季,晴转阴，27-33℃,,周期3：方知衡将在9天内重点关注个人发展和日常生活的平衡，通过规律的工作学习和适度的社交活动，逐步推进各项目标的实现，保持身心健康和积极的生活状态。,,方知衡聚焦人际关系维护。上午与健身婆婆探讨青少年体能训练；中午约老李茶叙交流出版事宜；下午带元南采购学习用品；晚间整理本周观察笔记并规划明日安排。,方知衡系统梳理本周人际关系进展。健身婆婆的训练方案科学性强，将纳入元南的日常计划；老李的出版项目具有文化价值，提供摄影作品支持符合知识共享理念。超市采购中郝聪明的产品推荐专业度提升，但促销安全隐患需反馈门店改进。元南在报告修改过程中展现严谨态度，体能数据进步明显，考虑增加其运动自主权。空调突发故障提醒设备维护重要性。,"元南, 健身婆婆, 老李, 郝聪明",元南-角色简介；健身婆婆-角色简介；老李-角色简介；郝聪明-角色简介,,,,,
2025-08-10,周日,无,夏季,晴朗炎热,,周期3：方知衡将在9天内重点关注个人发展和日常生活的平衡，通过规律的工作学习和适度的社交活动，逐步推进各项目标的实现，保持身心健康和积极的生活状态。,这三天方知衡在社区生活中深化多重关系：与健身婆婆建立晨跑默契，在书店与老李碰撞出学术合作火花，指导郝聪明缓解考研压力。日常事件推动个人成长：见义勇为强化社会责任感，设计启蒙游戏展现教育热忱，跨学科交流拓展研究视野。生活管理方面，解决胶片防潮问题，优化高温作息方案，保持清淡饮食规律。为下阶段奠定基础：与老李的地方志合作项目启动，元南自然观察计划成形，郝聪明论文指导进入实质阶段。,方知衡计划清晨完成晨跑后整理书房资料，中午简单用餐后前往旧时光书店选购新出版的历史传记，下午在家阅读并准备晚餐食材。期望通过规律作息保持高效工作状态，同时为元南准备下周的学习资料。,方知衡完成书房系统整理后感到满足，书架按文学地域分类更加清晰。与老李的书店交流让他思考城市记忆保存的价值，计划下周带元南参观历史建筑。郝聪明提到考研压力时，方知衡建议制定分阶段目标，并承诺帮忙审阅论文框架。炎热天气下坚持晨跑有些吃力，考虑明天调整至更早时段。,"健身婆婆, 郝聪明, 老李",健身婆婆-角色简介；郝聪明-角色简介；老李-角色简介,,,,,
2025-08-11,周一,无,夏季,多云阵雨,,周期3：方知衡将在9天内重点关注个人发展和日常生活的平衡，通过规律的工作学习和适度的社交活动，逐步推进各项目标的实现，保持身心健康和积极的生活状态。,,方知衡计划提早晨跑避开高温，早餐后处理工作邮件，中午尝试新食谱。下午前往市立医院取体检报告，顺路去云间杂物铺购买清洁用品。晚上准备为元南设计的天文启蒙游戏素材。,提早晨跑让方知衡整天精力充沛，但暴雨打乱原定计划。医院体检结果良好，决定继续保持饮食管理。易奶奶的敏锐直觉令人敬佩，见义勇为后婉拒酬谢，仅接受赠送的柠檬香茅驱蚊包。元南的游戏设计进度顺利，考虑加入互动问答环节。雷雨带来的潮湿问题需尽快解决，明日需购买防潮设备。,"健身婆婆, 易奶奶",健身婆婆-角色简介；易奶奶-角色简介,,,,,
2025-08-12,周二,无,夏季,晴朗凉爽,,周期3：方知衡将在9天内重点关注个人发展和日常生活的平衡，通过规律的工作学习和适度的社交活动，逐步推进各项目标的实现，保持身心健康和积极的生活状态。,,方知衡计划完成晨跑后去Fresh超市采购全周食材，中午整理暗房胶片。下午与老李在书店会面讨论地方志编撰，晚上准备粤式老火汤并完成元南的学习计划表。,顺利采购防潮设备解决胶片保存问题，暗房整理带来满足感。与老李的讨论激发对方知衡地方气候研究的兴趣，考虑开展跨学科合作。郝聪明接受论文指导建议后明显振奋，方知衡提醒他注意劳逸结合。元南的学习计划加入实践环节，准备周末带他进行自然观察。凉爽天气让全天效率提升，决定保持早睡早起的作息。,"郝聪明, 老李, 瑟琳娜",郝聪明-角色简介；老李-角色简介；瑟琳娜-角色简介,,,,,
2025-08-13,周三,无,夏季,晴，28℃,,周期4：方知衡将在14天内重点关注个人发展和日常生活的平衡，通过规律的工作学习和适度的社交活动，逐步推进各项目标的实现，保持身心健康和积极的生活状态。,这三天方知衡成功维持生活节奏平衡，在健康管理、饮食控制和社区互动方面取得进展。与元南的监护关系通过共同购物、学习等活动更加稳固；和健身婆婆的晨跑交流深化了运动知识；对郝聪明的备考状态产生持续关注。发现时代广场新开低糖甜品店和成功开发酸奶配方带来小惊喜。生活细节上完成绿植更换、猫粮补给和药品补充等事务，为下周期建立良好基础。,方知衡计划保持规律作息，早晨在明镜公园晨跑后，前往Fresh超市采购本周食材。中午准备简单的粤式清汤午餐，下午带元南去旧时光书店挑选课外读物。晚间整理书房绿植并阅读新购书籍。重点是与元南建立良好的监护关系，同时维持生活秩序。,方知衡满意今日生活节奏的稳定性。晨跑时健身婆婆分享的关节保护技巧很有实用价值；超市采购中注意到郝聪明眼下乌青明显，决定后续关注其备考状态。元南在书店表现出对昆虫图册的浓厚兴趣，这种自发性的求知欲值得鼓励。明日需记得给救助站的三花猫补充猫粮。,"元南, 郝聪明, 健身婆婆",元南-角色简介；郝聪明-角色简介；健身婆婆-角色简介,,,,,
2025-08-14,周四,无,夏季,多云，30℃,,周期4：方知衡将在14天内重点关注个人发展和日常生活的平衡，通过规律的工作学习和适度的社交活动，逐步推进各项目标的实现，保持身心健康和积极的生活状态。,,方知衡计划重点处理家务与社区事务。早晨更换书房绿植后，到云间杂物铺购买猫粮和清洁用品。中午检查元南的暑期作业进度，下午独自前往市立医院取过敏药物。晚间准备法式蔬菜汤并整理救助站捐款记录。,家务整理带来秩序感满足，易奶奶讲述的供销社票据管理方式对档案整理有启发作用。发现元南在数学解题中展现的跳跃性思维需要合理引导而非压制。注意到时代广场新开的甜品店可能符合自己低糖饮食需求，计划周末带元南尝试。肩部酸痛提醒需调整运动强度。,"元南, 易奶奶",元南-角色简介；易奶奶-角色简介,,,,,
2025-08-15,周五,无,夏季,晴，31℃,,周期4：方知衡将在14天内重点关注个人发展和日常生活的平衡，通过规律的工作学习和适度的社交活动，逐步推进各项目标的实现，保持身心健康和积极的生活状态。,,方知衡聚焦健康管理与生活细节调整。早晨缩短晨跑时间改为拉伸训练，顺路送达猫粮至救助站。中午测试新购低糖酸奶配方，下午带元南复查视力后到旧时光书店还书。晚间准备下周菜谱并早睡。,拉伸训练有效缓解肌肉紧张，健身婆婆的颈椎保护动作将纳入日常锻炼。元南视力保持稳定是个好消息，但需落实医生建议增加户外活动。郝聪明在书店表现出的焦虑情绪值得关注，计划下周抽空了解其备考进展。新酸奶配方成功开发为健康饮食增添选择。,"元南, 健身婆婆, 郝聪明",元南-角色简介；健身婆婆-角色简介；郝聪明-角色简介,,,,,
2025-08-16,周六,无,夏季,晴朗微风,,周期4：方知衡将在14天内重点关注个人发展和日常生活的平衡，通过规律的工作学习和适度的社交活动，逐步推进各项目标的实现，保持身心健康和积极的生活状态。,这三天方知衡在都市日常中深化社区联结：成功引导郝聪明制定分阶段考研计划，超市质检时帮瑟琳娜优化工作流程；通过摄影重建元南的学习自信，博物馆与茶餐厅的互动让少年重获价值认同；自身重新审视教学方法，在研讨会获得课程改革灵感。健身婆婆的晨练指导、易奶奶的赠礼和老李的专业解说，强化了他对社区互助的认知。,方知衡计划今日专注个人休整与社区互动。早晨在明镜公园晨跑后，前往Fresh超市采购下周食材；中午整理书房藏书；下午赴旧时光书店寻找新食谱；傍晚准备粤式清汤并邀请元南共进晚餐，了解他的学习近况。,方知衡在明镜公园的晨练中感受到社区温暖，健身婆婆的热情让他想起学术传承的意义。发现郝聪明因考研压力在超市魂不守舍，下午在书店主动开导这位年轻人，建议他制定分阶段复习计划。晚餐时用相机转移元南对考试的焦虑，发现少年在摄影中展现的专注力。今日最大收获是意识到倾听比说教更能帮助他人。,"健身婆婆, 郝聪明, 元南",健身婆婆-角色简介；郝聪明-角色简介；元南-角色简介,,,,,
2025-08-17,周日,无,夏季,多云转小雨,,周期4：方知衡将在14天内重点关注个人发展和日常生活的平衡，通过规律的工作学习和适度的社交活动，逐步推进各项目标的实现，保持身心健康和积极的生活状态。,,方知衡计划延续昨日对元南的引导，带他体验城市文化。上午参观市立博物馆培养审美；中午在茶餐厅示范用餐礼仪；下午陪元南选购文具；晚上整理摄影作品。重点关注少年自信心的重建。,方知衡在博物馆见证元南重拾求知欲，老李对少年洞察力的肯定尤其珍贵。茶餐厅的意外让方知衡回忆起学术生涯早期挫折，这种共鸣拉近了两人距离。雨中护住元南时想起母亲曾说守护比探索更需要勇气。晚间摄影教学时，发现元南对参数记忆超乎预期，考虑推荐他参加青少年摄影展。,"元南, 老李, 易奶奶",元南-角色简介；老李-角色简介；易奶奶-角色简介,,,,,
2025-08-18,周一,无,夏季,晴热,,周期4：方知衡将在14天内重点关注个人发展和日常生活的平衡，通过规律的工作学习和适度的社交活动，逐步推进各项目标的实现，保持身心健康和积极的生活状态。,,方知衡回归工作节奏，重点完善新学期的通识课程大纲。上午在办公室整理教案；中午检查超市订单配送；下午旁听教学研讨会；晚上健身调整状态。保持与郝聪明的联系，确认复习计划进展。,方知衡在教案修订中融入生活案例，郝聪明对库存模型的快速理解印证了这种教学有效性。超市质检让他想起学术严谨性在日常的投射。研讨会收获的项目制灵感可能解决元南的应试焦虑。夜跑时意识到，社区联结与学术研究同样需要持续投入，决定增加对郝聪明复习进度的跟进频率。,"郝聪明, 瑟琳娜",郝聪明-角色简介；瑟琳娜-角色简介,,,,,
2025-07-14,周一,无,夏季,晴转多云，28℃,科研攻坚与情感联结,方知衡计划本周集中处理香丘天文院的宇宙物质专项课题数据，每日上午在香丘天文院进行数据分析，下午在云枢大学准备新学期课程框架。7月17日安排带元南进行天文观测实践教学，7月19日与林安予讨论课题难点。大暑当天调整作息避开高温时段，在家中整理观测数据并更新绿植。每日保持5:30明镜公园晨跑，周末抽半天在旧时光书店阅读放松。计划在7月21日检查流浪猫救助站匿名捐款落实情况，并顺路补充书房绿植。,这三天稳步推进周期目标：完成宇宙射线数据初步分析，系统指导元南掌握设备基础操作，优化课程增加实践模块。与林安予保持专业距离但认可其学术敏锐，验收报告时严谨细致；与元逸父子用餐展现师者关怀，承诺指导摄影；博物馆之行拓展知识边界。生活节奏维持晨跑、清淡饮食等习惯，流浪猫救助与绿植更换体现日常责任感。,方知衡计划上午完成观测数据初步整理，中午指导元南基础操作流程，下午审核林安予的课题报告。晚间需准备明日教学材料，并顺路核查流浪猫救助站物资。饮食选择清淡的粤式炖汤和蔬菜沙拉，避开辛辣油腻食物。,方知衡高效完成数据整理与教学准备，对林安予的敏锐观察给予肯定。指导元南时注意到少年操作手势生疏但态度认真，决定增加实操训练频次。核查猫救助站时发现幼猫健康状况良好，考虑下周增加体检预算。整体节奏紧凑而不失条理，睡前检查次日日程确认无冲突。,"林安予, 元南, 罗恒",林安予-角色简介；元南-角色简介；罗恒-角色简介,,,,,
2025-07-15,周二,无,夏季,多云，27℃,科研攻坚与情感联结,方知衡计划本周集中处理香丘天文院的宇宙物质专项课题数据，每日上午在香丘天文院进行数据分析，下午在云枢大学准备新学期课程框架。7月17日安排带元南进行天文观测实践教学，7月19日与林安予讨论课题难点。大暑当天调整作息避开高温时段，在家中整理观测数据并更新绿植。每日保持5:30明镜公园晨跑，周末抽半天在旧时光书店阅读放松。计划在7月21日检查流浪猫救助站匿名捐款落实情况，并顺路补充书房绿植。,,方知衡安排上午课程教学，中午与元逸商讨元南暑期计划，下午继续数据分析。傍晚需采购绿植更换书房盆栽，注意避开人流高峰时段。饮食保持清淡，预定粤式餐厅午膳。,教学中的质疑环节让方知衡欣慰，课后特意保留该生作业作为范例。与元逸协商后确定每周三下午指导元南摄影基础。注意到罗恒赠送的咖啡杯隐含林安予心意，虽未点破但妥善保管。明日需提前结束工作赴市立博物馆特展。,"元逸, 元南, 罗恒",元逸-角色简介；元南-角色简介；罗恒-角色简介,,,,,
2025-07-16,周三,无,夏季,小雨，25℃,科研攻坚与情感联结,方知衡计划本周集中处理香丘天文院的宇宙物质专项课题数据，每日上午在香丘天文院进行数据分析，下午在云枢大学准备新学期课程框架。7月17日安排带元南进行天文观测实践教学，7月19日与林安予讨论课题难点。大暑当天调整作息避开高温时段，在家中整理观测数据并更新绿植。每日保持5:30明镜公园晨跑，周末抽半天在旧时光书店阅读放松。计划在7月21日检查流浪猫救助站匿名捐款落实情况，并顺路补充书房绿植。,,方知衡调整日程压缩上午工作量，预留下午参观博物馆特展。中午需验收课题报告修改稿，注意林安予惯用的蓝色文件夹。傍晚更换书房绿植，确认白掌光照需求说明。,高效完成压缩版工作安排，林安予的调侃让其意识到配色巧合，但未影响专业指导。博物馆特展收获意外，老李分享的测绘技术与天文观测有方法论共鸣。注意到元南明日摄影课需准备器材，睡前确认相机电池电量。,"林安予, 老李",林安予-角色简介；老李-角色简介,,,,,
2025-07-17,周四,无,夏季,多云转晴,科研攻坚与情感联结,方知衡计划本周集中处理香丘天文院的宇宙物质专项课题数据，每日上午在香丘天文院进行数据分析，下午在云枢大学准备新学期课程框架。7月17日安排带元南进行天文观测实践教学，7月19日与林安予讨论课题难点。大暑当天调整作息避开高温时段，在家中整理观测数据并更新绿植。每日保持5:30明镜公园晨跑，周末抽半天在旧时光书店阅读放松。计划在7月21日检查流浪猫救助站匿名捐款落实情况，并顺路补充书房绿植。,这三天方知衡稳步推进宇宙射线数据分析，完成报告初稿。教学上，元南已掌握基础设备操作要点，师生默契增强。生活方面，与元逸晚餐增进兄弟情谊，婉拒金喜鲜花体现个人原则。发现教材案例过时和植物虫害等问题，展现其一贯的细致作风。为下周研讨会和课程优化打下基础。,方知衡计划上午在香丘天文院完成宇宙射线数据初步分析，下午指导元南基础设备操作。午餐选择大学食堂清淡窗口，晚上整理书房文件。重点关注元南的学习进度，确保教学节奏适中。,方知衡顺利完成数据初步分析，对元南的进步感到欣慰。教学时发现元南虽然紧张但专注力强，决定调整下周实操课程节奏。林安予关于增加实践课的建议值得考虑，需评估设备承载量。睡前意外发现珍藏版钢笔漏墨，立即进行了专业清洗保养。,"林安予, 元南",林安予-角色简介；元南-角色简介,,,,,
2025-07-18,周五,无,夏季,晴转阵雨,科研攻坚与情感联结,方知衡计划本周集中处理香丘天文院的宇宙物质专项课题数据，每日上午在香丘天文院进行数据分析，下午在云枢大学准备新学期课程框架。7月17日安排带元南进行天文观测实践教学，7月19日与林安予讨论课题难点。大暑当天调整作息避开高温时段，在家中整理观测数据并更新绿植。每日保持5:30明镜公园晨跑，周末抽半天在旧时光书店阅读放松。计划在7月21日检查流浪猫救助站匿名捐款落实情况，并顺路补充书房绿植。,,重点完善数据分析报告，中午核查流浪猫救助站物资。下午参加院系会议，晚上采购生活用品。注意避开降雨时段出行，确保文件资料防潮。,方知衡完成数据分析报告初稿，但火灾梦境影响晨间状态。流浪猫救助站发现物资问题及时解决，对罗恒的咖啡和提醒表示感谢。与元逸晚餐时保持饮食自律，席间给出项目风险评估建议。睡前补充抗过敏药物，确保急救用品齐全。,"罗恒, 元逸",罗恒-角色简介；元逸-角色简介,,,,,
2025-07-19,周六,无,夏季,多云,科研攻坚与情感联结,方知衡计划本周集中处理香丘天文院的宇宙物质专项课题数据，每日上午在香丘天文院进行数据分析，下午在云枢大学准备新学期课程框架。7月17日安排带元南进行天文观测实践教学，7月19日与林安予讨论课题难点。大暑当天调整作息避开高温时段，在家中整理观测数据并更新绿植。每日保持5:30明镜公园晨跑，周末抽半天在旧时光书店阅读放松。计划在7月21日检查流浪猫救助站匿名捐款落实情况，并顺路补充书房绿植。,,休息日调整节奏，上午公园晨跑后采购新鲜食材，下午整理学术资料。计划重读《天体物理学导论》教材，优化课程案例。注意控制咖啡摄入量，补充乳制品。,方知衡享受了规律的休息日，超市采购时坚持食材新鲜度标准。远程指导元南解决学习疑问，明确下周演示计划。书房整理中发现教材案例需要更新，及时处理了植物虫害问题。邮件确认与林安予的研讨会时间，为明日工作做好准备。,"金喜, 元南",金喜-角色简介；元南-角色简介,,,,,
2025-07-20,周日,无,夏季,晴转多云,科研攻坚与情感联结,方知衡计划本周集中处理香丘天文院的宇宙物质专项课题数据，每日上午在香丘天文院进行数据分析，下午在云枢大学准备新学期课程框架。7月17日安排带元南进行天文观测实践教学，7月19日与林安予讨论课题难点。大暑当天调整作息避开高温时段，在家中整理观测数据并更新绿植。每日保持5:30明镜公园晨跑，周末抽半天在旧时光书店阅读放松。计划在7月21日检查流浪猫救助站匿名捐款落实情况，并顺路补充书房绿植。,这三天有效推进了周期目标：完成观测数据初步整理，元南掌握基础设备操作，课程结构优化方案成型。情感联结方面，与元逸的教育理念碰撞、林安予的学术互动、元南的成长指导都强化了关系纽带。大暑当天的节奏调整体现了工作生活平衡理念，流浪猫救助站的实际行动践行了守护责任。,方知衡计划上午在家中整理上周观测数据，中午与元逸在云枢大学附近用餐讨论元南的教育安排，下午带元南参观市立博物馆培养科学兴趣，晚上检查流浪猫救助站物资清单并准备明日课程材料。期望保持工作与生活的平衡节奏。,方知衡顺利完成数据初步整理，博物馆之行有效激发了元南的科学好奇心。与元逸的教育理念讨论虽未完全达成共识，但明确了元南需要系统性知识框架的立场。发现救助站物资缺口后及时处理，睡前对课程优化有了新思路。,"元南, 元逸, 老李",元南-角色简介；元逸-角色简介；老李-角色简介,,,,,
2025-07-21,周一,无,夏季,多云,科研攻坚与情感联结,方知衡计划本周集中处理香丘天文院的宇宙物质专项课题数据，每日上午在香丘天文院进行数据分析，下午在云枢大学准备新学期课程框架。7月17日安排带元南进行天文观测实践教学，7月19日与林安予讨论课题难点。大暑当天调整作息避开高温时段，在家中整理观测数据并更新绿植。每日保持5:30明镜公园晨跑，周末抽半天在旧时光书店阅读放松。计划在7月21日检查流浪猫救助站匿名捐款落实情况，并顺路补充书房绿植。,,方知衡计划上午在香丘天文院完成数据交叉验证，中午与林安予在食堂讨论课题疑点，下午指导元南操作观测设备基础模块，晚上赴明镜公园散步调整状态。重点确保元南的操作训练安全规范。,数据验证发现关键异常点值得深入分析，元南的操作训练进展超出预期。林安予的学术敏锐度再次得到印证，虽然她的调侃仍让方知衡稍感无奈。罗恒的咖啡分享成为今日小确幸，散步有效缓解了工作疲劳。,"林安予, 元南, 罗恒",林安予-角色简介；元南-角色简介；罗恒-角色简介,,,,,
2025-07-22,周二,大暑,夏季,晴热,科研攻坚与情感联结,方知衡计划本周集中处理香丘天文院的宇宙物质专项课题数据，每日上午在香丘天文院进行数据分析，下午在云枢大学准备新学期课程框架。7月17日安排带元南进行天文观测实践教学，7月19日与林安予讨论课题难点。大暑当天调整作息避开高温时段，在家中整理观测数据并更新绿植。每日保持5:30明镜公园晨跑，周末抽半天在旧时光书店阅读放松。计划在7月21日检查流浪猫救助站匿名捐款落实情况，并顺路补充书房绿植。,,方知衡因大暑调整作息，上午在家整理资料避开高温，中午实地核查救助站物资，下午阅读放松，晚上完成课程优化。特别注意高温天气下的流浪猫防暑措施。,大暑高温下及时调整工作计划，元南的自学能力令人欣慰。金喜的实用建议显著改善了流浪猫防暑措施，书店的小插曲展现了方知衡解决问题的务实能力。课程优化融入更多互动元素，为下阶段教学做好准备。,"元南, 金喜",元南-角色简介；金喜-角色简介,,,,,
