日期,星期,节日信息,季节,天气,主题,周期计划,3天总结,每日计划,每日总结,涉及角色,角色简介,上午,中午,下午,晚上,夜间
2025-07-03,周四,无,夏季,晴朗,科研攻坚与人际涟漪,"在10天的周期中，方知衡聚焦“科研攻坚与人际涟漪”主题，推进了核心目标：宇宙射线数据异常分析报告接近完成，天文摄影集素材整理已启动，并为元南设计了系统化天文启蒙课程框架。主题体现在高强度科研（如香丘区顶层复式公寓8次数据分析会议）与关系深化中，人际涟漪通过频繁互动展现——林安予（16次）提供支持，元南（15次）受益于课程设计，关系更紧密；罗恒（3次）互动少，暗示潜在发展空间。

主要活动集中在香丘区公寓（11次）和天文院（4次），包括数据分析和观测，辅以明镜公园2次休闲交流。方知衡在科研管理和人际平衡上成长显著，学会高效协作。下周期需完成报告，深化摄影集整理，并探索罗恒的协作可能。（字数：198）",2025-07-03 夜间: 方知衡在23:00准时入睡，书房窗台的薄荷散发清香驱散暑气。梦境中浮现宇宙射线数据图表，与母亲遗留的...; 2025-07-03 上午: 方知衡6:00起床，饮用手冲咖啡后驾车至明镜公园晨跑5公里，汗水浸湿衬衫时他调整呼吸，专注观察晨雾中...,启动宇宙射线数据异常分析报告的初步计算，整理天文摄影集素材，为元南设计天文启蒙课程框架。,方知衡高效完成数据初步分析，筛选了部分摄影素材，并与元南讨论了课程兴趣点。夏季高温虽带来轻微烦躁，但他通过规律作息保持专注。,"林安予, 元南, 罗恒",林安予-简介待补充；元南-简介待补充；罗恒-简介待补充,方知衡6:00起床，饮用手冲咖啡后驾车至明镜公园晨跑5公里，汗水浸湿衬衫时他调整呼吸，专注观察晨雾中的云层变化，思考摄影集素材。8:00抵达香丘天文院，办公室落地窗映出城市全景。他启动宇宙射线数据分析程序，专注筛选异常数据点，林安予送来初步报告时，他严谨指出一处计算误差：“安予，这个置信区间需复核，误差超过0.5%会影响结论。”夏季高温让他微微蹙眉，但仍保持耐心。,方知衡在食堂清淡窗口选择粤式蒸鱼和蔬菜，偶遇林安予讨论数据异常模式。他简洁总结：“夏季电离层扰动可能干扰观测，需排除环境变量。”餐后返回天文院，整理书房文件时启动摄影集素材筛选——选出10张晨雾山峦胶片，按时间编码归档。元南来电咨询课程兴趣，方知衡温和回应：“先从星座神话入手，如何？”高温中他轻啜冰水克制烦躁。,方知衡驾车至旧时光书店购置天文启蒙参考书。关爷爷捉弄他：“教授，买这本？年轻人更爱星座占卜呢！”方知衡认真反驳：“科学需严谨，占卜缺乏数据支撑。”选购川端康成散文集和《银河系漫游指南》后，他返回天文院，设计元南课程框架：分观测、理论、实践三模块，融入摄影元素。林安予提交修正数据时，他赞许点头：“质疑精神值得保持。”,方知衡在家自制法式清汤晚餐，餐后整理摄影素材至21:00。元南视频通话分享星座涂鸦，他细致点评：“猎户座腰带三星位置准确。”随后预习次日数据模型，22:00沐浴后阅读《三体》，思考宇宙尺度与人类渺小。睡前将室温调至22°C，确保环境静谧。夏季蝉鸣稍扰，他以耳塞应对，保持理性克制。,方知衡在23:00准时入睡，书房窗台的薄荷散发清香驱散暑气。梦境中浮现宇宙射线数据图表，与母亲遗留的徕卡相机交织，象征科研与个人兴趣的平衡。他凌晨4:00短暂醒来，检查了次日计划，确认摄影集整理流程后迅速回眠，保持深度睡眠至6:00。房间温度恒定，体现他对环境的控制欲。
2025-07-04,周五,无,夏季,晴朗,科研攻坚与人际涟漪,"在10天的周期中，方知衡聚焦“科研攻坚与人际涟漪”主题，推进了核心目标：宇宙射线数据异常分析报告接近完成，天文摄影集素材整理已启动，并为元南设计了系统化天文启蒙课程框架。主题体现在高强度科研（如香丘区顶层复式公寓8次数据分析会议）与关系深化中，人际涟漪通过频繁互动展现——林安予（16次）提供支持，元南（15次）受益于课程设计，关系更紧密；罗恒（3次）互动少，暗示潜在发展空间。

主要活动集中在香丘区公寓（11次）和天文院（4次），包括数据分析和观测，辅以明镜公园2次休闲交流。方知衡在科研管理和人际平衡上成长显著，学会高效协作。下周期需完成报告，深化摄影集整理，并探索罗恒的协作可能。（字数：198）",,深化宇宙射线数据异常分析，筛选天文摄影集核心素材，优化元南课程观测模块。,方知衡完成数据模型构建，精选5张摄影核心素材，并与元南测试望远镜模拟APP。高温下与罗恒的互动缓解烦躁，课程设计融入实践元素。,"元南, 罗恒, 林安予",元南-简介待补充；罗恒-简介待补充；林安予-简介待补充,晨跑中，方知衡观察暴雨前积云，用手机记录光影变化作为摄影素材。返回天文院后，他构建数据异常模型，输入昨日修正值。林安予带来新数据集，他迅速识别矛盾点：“安予，这两组数据时间戳重叠，仪器可能故障。”高温下他擦拭眼镜保持冷静。10:00启动摄影集核心筛选，选出极简主义风格的星轨照片5张，标注拍摄参数。,方知衡驾车至罗恒的便利店，避开食堂嘈杂。罗恒递上现煮咖啡：“教授，高温天别太拼。”方知衡抿唇道谢：“数据收尾阶段了。”他选择沙拉简餐，餐间优化元南课程观测模块，设计模拟APP操作指南。返回天文院后，元南来访测试APP，方知衡指导他校准虚拟望远镜：“方位角偏差需控制在±0.1°。”语气温和，流露师长关怀。,方知衡在图书馆查阅最新宇宙射线论文，整合到分析报告中。偶遇李弯弯搬运书籍，他主动让路并提醒：“重心偏低不易倾倒。”返回天文院后，深化数据模型，发现异常点周期性规律。林安予质疑结论，方知衡鼓励：“用蒙特卡洛模拟验证你的假设。”他将摄影素材备份至云端，标注“2025夏季精选”。高温中他多次饮水维持专注。,方知衡晚餐做粤式炖汤，餐后与元南视频测试课程APP。元南兴奋展示星座涂鸦，方知衡严谨纠正：“仙女座星系非星座，是M31天体。”21:00他整理书房，将课程资料按模块归档，播放德彪西《月光》放松。22:30预习通宵分析计划，确认咖啡和零食储备。夏季闷热让他短暂开窗通风，体现克制烦躁的理性。,方知衡23:00入眠，梦境重现数据分析公式，潜意识处理异常点关联性。3:00因高温微醒，他调低空调后检查手机消息，回复林安予关于数据采样的疑问：“采样率需≥100Hz，否则失真。”简短回复后继续睡眠，6:00准时起床，体现高效时间管理。
2025-07-05,周六,无,夏季,多云,科研攻坚与人际涟漪,"在10天的周期中，方知衡聚焦“科研攻坚与人际涟漪”主题，推进了核心目标：宇宙射线数据异常分析报告接近完成，天文摄影集素材整理已启动，并为元南设计了系统化天文启蒙课程框架。主题体现在高强度科研（如香丘区顶层复式公寓8次数据分析会议）与关系深化中，人际涟漪通过频繁互动展现——林安予（16次）提供支持，元南（15次）受益于课程设计，关系更紧密；罗恒（3次）互动少，暗示潜在发展空间。

主要活动集中在香丘区公寓（11次）和天文院（4次），包括数据分析和观测，辅以明镜公园2次休闲交流。方知衡在科研管理和人际平衡上成长显著，学会高效协作。下周期需完成报告，深化摄影集整理，并探索罗恒的协作可能。（字数：198）",,通宵完成宇宙射线数据异常分析报告，启动元南课程实践准备，处理摄影集分类。,方知衡与林安予通宵完成报告核心部分，确认异常源于太阳风扰动。他为元南准备观测器材，高温多云的天气未影响其专注。人际互动强化了师生羁绊。,"林安予, 元南",林安予-简介待补充；元南-简介待补充,方知衡6:00结束通宵工作，驾车返家途中在明镜公园短暂散步，多云天气凉爽缓解疲劳。他沐浴后小睡2小时，9:00起床整理报告终稿，邮件发送团队。随后处理摄影集分类，按“星云”“行星”主题归档。元南来电问观测细节，方知衡温和指导：“小暑夜19:00，带红色滤光片。”夏季潮湿让他擦拭相机镜头防霉。,方知衡自制蔬菜沙拉午餐，餐间审核林安予的模拟结果，回复：“数据吻合，报告可定稿。”他整理元南观测器材清单，包括便携望远镜和星图。夏季高温中他饮用冰牛奶降温，阅读《银河系漫游指南》放松。13:00小憩20分钟，确保下午效率，体现工作生活平衡理念。,方知衡驾车至欣欣花店购置白掌绿植更换书房旧株，偏好自然花香。返回天文院后，他备份摄影集至加密硬盘，标注“2025-Q3精选”。元南来访取观测器材，方知衡演示望远镜校准：“赤道仪对准北极星。”少年好奇提问，他耐心解答，流露师长温情。多云天气下他检查了7月7日小暑观测的天气预报，体现细致周到。,方知衡晚餐做法式清汤，餐后与元南确认观测流程，强调安全事项：“夜间山路需结伴。”他整理通宵工作笔记，归类到年度课题档案。21:00播放古典乐放松，阅读莫言小说至22:30。睡前检查次日计划，确保室温舒适。夏季虫鸣中他反思三日进展：科研目标达成，人际涟漪扩散，理性中蕴藏关怀。,方知衡与林安予通宵分析数据，天文台静谧只有键盘声。他严谨核对模型：“安予，峰值关联太阳耀斑数据，非仪器误差。”林安予调侃他咖啡依赖，方知衡耳垂微红：“效率优先。”凌晨3:00，他确认异常源于太阳风扰动，完成报告结论。5:00短暂小憩，窗外多云遮蔽星光，他调暗灯光避免干扰林安予工作，体现内敛关怀。
2025-07-06,周日,无,夏季,晴朗高温,科研攻坚与人际涟漪,"在10天的周期中，方知衡聚焦“科研攻坚与人际涟漪”主题，推进了核心目标：宇宙射线数据异常分析报告接近完成，天文摄影集素材整理已启动，并为元南设计了系统化天文启蒙课程框架。主题体现在高强度科研（如香丘区顶层复式公寓8次数据分析会议）与关系深化中，人际涟漪通过频繁互动展现——林安予（16次）提供支持，元南（15次）受益于课程设计，关系更紧密；罗恒（3次）互动少，暗示潜在发展空间。

主要活动集中在香丘区公寓（11次）和天文院（4次），包括数据分析和观测，辅以明镜公园2次休闲交流。方知衡在科研管理和人际平衡上成长显著，学会高效协作。下周期需完成报告，深化摄影集整理，并探索罗恒的协作可能。（字数：198）",2025-07-03 夜间: 方知衡在23:00准时入睡，书房窗台的薄荷散发清香驱散暑气。梦境中浮现宇宙射线数据图表，与母亲遗留的...; 2025-07-03 上午: 方知衡6:00起床，饮用手冲咖啡后驾车至明镜公园晨跑5公里，汗水浸湿衬衫时他调整呼吸，专注观察晨雾中...,完成数据分析收尾工作，启动天文摄影集素材整理，为元南设计观测课程,完成宇宙射线异常分析报告初稿，筛选出首批摄影素材，设计完成元南的观测课程框架,"林安予, 元南, 关爷爷",林安予-简介待补充；元南-简介待补充；关爷爷-简介待补充,晨跑时特意绕道救助站查看三花猫幼崽状况。回家后冲凉更衣，将白衬衫按色系挂好。在书房开始整理天文摄影素材，将暴雨前的云层照片按时间编码归档。10点元南视频来电请教星座问题，方知衡用星图软件演示夏季大三角方位，'周六带你看真正的星桥'，少年欢呼声让他唇角微扬。,在大学食堂清淡窗口遇林安予，讨论报告补充事项时婉拒她推荐的辣味菜品。饭后至旧时光书店选购天文启蒙教材，关爷爷突然从书架后探头：'方教授买童书？隐婚生子了？'方知衡耳尖微红解释教学用途，结账时老顽童偷偷在袋里塞了星空棒棒糖。,空调维持在25℃的书房里，方知衡将教材与观测设备清单对应编码。为元南设计的课程包含三个阶段：星图辨识→望远镜操作→天体摄影入门。中途林安予邮件提交报告补充数据，他立即停下手头工作核查，严谨标注出三处需要重复实验的观测点。,用粤式炖汤解决晚餐后，带着相机在阳台等待晚霞。调试镜头时接到元逸电话：'南南说你要带他观星？别教成小古板啊！'方知衡望着渐变的暮色云层回应：'探索需要规则框架。'挂电话后拍下粉紫色天际线，却在回屋时被门槛绊到——毒奶体质再度生效。,方知衡与林安予继续分析昨晚通宵获取的宇宙射线异常数据。琥珀色眼眸在屏幕蓝光下专注异常，手指在键盘快速敲击验证假设。凌晨3点完成关键参数校准时，发现林安予在座位打盹，他轻声唤醒学生递上备用的薄荷茶。'数据收敛了，异常点可归因于太阳耀斑干扰。'他调出对比图谱时语气带着学术满足感，却在收拾设备时因疲惫碰倒咖啡杯，毒奶体质再次应验。
2025-07-07,周一,无,夏季,晴热（小暑）,科研攻坚与人际涟漪,"在10天的周期中，方知衡聚焦“科研攻坚与人际涟漪”主题，推进了核心目标：宇宙射线数据异常分析报告接近完成，天文摄影集素材整理已启动，并为元南设计了系统化天文启蒙课程框架。主题体现在高强度科研（如香丘区顶层复式公寓8次数据分析会议）与关系深化中，人际涟漪通过频繁互动展现——林安予（16次）提供支持，元南（15次）受益于课程设计，关系更紧密；罗恒（3次）互动少，暗示潜在发展空间。

主要活动集中在香丘区公寓（11次）和天文院（4次），包括数据分析和观测，辅以明镜公园2次休闲交流。方知衡在科研管理和人际平衡上成长显著，学会高效协作。下周期需完成报告，深化摄影集整理，并探索罗恒的协作可能。（字数：198）",,完成报告定稿，采购观测设备，实施元南首次夜间教学,提交宇宙射线异常分析报告，补充观测设备，成功进行元南首次实践教学,"林安予, 元南, 罗恒",林安予-简介待补充；元南-简介待补充；罗恒-简介待补充,晨跑时帮推婴儿车的妈妈拾起掉落奶瓶，对方道谢时他点头回避目光接触。在办公室完成报告最终校验，林安予送来冰咖啡：'通宵那晚您说会有设备故障，结果巡天镜真卡住了！'方知衡推眼镜的手顿住：'这是概率问题...新滤光片到了记得做衰减测试。',驱车至山区采购观测备用电池。罗恒递来现煮咖啡：'小暑天进山？'擦拭柜台时'无意'露出防暑药包。方知衡察觉其用意：'谢谢，但药物请留给更需要的人。'结账时多拿两包猫粮，罗恒会心一笑塞进袋里。,在恒温实验室整理暗房设备，将显影液按配比精准分装。高温导致空调过载停机时，他立即开窗通风并转移化学品，镇定指挥学生撤离敏感材料。汗珠沿下颌滴在白大褂上，仍一丝不苟完成设备状态登记。,为元南调整望远镜焦距：'木星条纹是大气湍流，像你搅拌的热可可。'少年雀跃时碰歪设备，方知衡立即扶住：'探索需要稳定基础。'教学笔记在星光下记录着：'19:32，成功辨识夏季大三角；20:05，首次独立完成月球环形山观测。'归程中元南睡着，他调高空调温度并避开颠簸山路。,梦见母亲火灾场景时猛然惊醒，冷汗浸湿睡衣。起身检查全屋电路后，在书房重读《银河系漫游指南》平复心绪。月光透过落地窗照在徕卡相机上，他轻拭机身却未开机——这是独属深夜的克制纪念。
2025-07-08,周二,无,夏季,多云闷热,科研攻坚与人际涟漪,"在10天的周期中，方知衡聚焦“科研攻坚与人际涟漪”主题，推进了核心目标：宇宙射线数据异常分析报告接近完成，天文摄影集素材整理已启动，并为元南设计了系统化天文启蒙课程框架。主题体现在高强度科研（如香丘区顶层复式公寓8次数据分析会议）与关系深化中，人际涟漪通过频繁互动展现——林安予（16次）提供支持，元南（15次）受益于课程设计，关系更紧密；罗恒（3次）互动少，暗示潜在发展空间。

主要活动集中在香丘区公寓（11次）和天文院（4次），包括数据分析和观测，辅以明镜公园2次休闲交流。方知衡在科研管理和人际平衡上成长显著，学会高效协作。下周期需完成报告，深化摄影集整理，并探索罗恒的协作可能。（字数：198）",,优化启蒙课程，筛选摄影素材，处理学术反馈,完善观测课程细节，完成首批摄影素材筛选，有效解决学术质疑,"林安予, 李弯弯, 元南",林安予-简介待补充；李弯弯-简介待补充；元南-简介待补充,晨跑时遇李弯弯晨训，见她搬运器材主动帮忙。'方教授真不用！'她轻松提起方知衡需双手托举的重量。回家冲洗小暑夜拍的星轨，显影液中浮现的银河倒影让他暂停计时器——这是需要保留的非常规成像效果。,收到学术委员会对报告的质疑邮件。林安予愤慨：'他们根本没看补充数据！'方知衡平静调出验证模型：'质疑是学术生命线，准备三组对照实验。'将午餐三明治分她一半，'保持血糖稳定有助于逻辑思维。',按元南理解能力重制星图卡片，将星座神话改为天体物理简史。筛选摄影集素材时特别标注'元南可参与项目'，突然接到少年电话：'方叔叔！我做了观测笔记！'通话背景传来元逸的哀嚎：'这小子凌晨三点把我摇醒认星星！',晚餐蔬菜沙拉搭配低糖酸奶。在阳台校对课程手册时，发现林安予发来的实验成功消息。将天文摄影原片导入云端备份，突然收到元南手绘的歪曲星图照片。保存图片后回复：'地轴倾角需修正23°26'，周六带量角器教你。'晚风拂过窗台薄荷，驱散夏日最后一丝燥热。,睡前检查门窗时，发现窗台薄荷被晒蔫。细心修剪枯叶后调整灌溉系统，电脑屏幕显示着元南的课程反馈问卷。梦中不再是火灾，而是少年们在天文台仰望星空的模糊画面。
2025-07-09,周三,无,夏季,晴，35℃,科研攻坚与人际涟漪,"在10天的周期中，方知衡聚焦“科研攻坚与人际涟漪”主题，推进了核心目标：宇宙射线数据异常分析报告接近完成，天文摄影集素材整理已启动，并为元南设计了系统化天文启蒙课程框架。主题体现在高强度科研（如香丘区顶层复式公寓8次数据分析会议）与关系深化中，人际涟漪通过频繁互动展现——林安予（16次）提供支持，元南（15次）受益于课程设计，关系更紧密；罗恒（3次）互动少，暗示潜在发展空间。

主要活动集中在香丘区公寓（11次）和天文院（4次），包括数据分析和观测，辅以明镜公园2次休闲交流。方知衡在科研管理和人际平衡上成长显著，学会高效协作。下周期需完成报告，深化摄影集整理，并探索罗恒的协作可能。（字数：198）",2025-07-03 夜间: 方知衡在23:00准时入睡，书房窗台的薄荷散发清香驱散暑气。梦境中浮现宇宙射线数据图表，与母亲遗留的...; 2025-07-03 上午: 方知衡6:00起床，饮用手冲咖啡后驾车至明镜公园晨跑5公里，汗水浸湿衬衫时他调整呼吸，专注观察晨雾中...,完成宇宙射线异常数据初步分析，与罗恒讨论山区气象影响，启动天文摄影集素材筛选,完成异常数据初步分析报告框架，与罗恒确认山区气象观测要点，筛选出首批摄影集素材,"罗恒, 林安予",罗恒-简介待补充；林安予-简介待补充,清晨6:10准时出现在明镜公园晨跑，刻意避开日晒强烈的东侧步道。7:30抵达天文院时，林安予已带着新处理的频谱图等候。师生二人针对数据异常点展开辩论，方知衡用激光笔指着投影幕布：'这个0.3%的偏移量，你排除了设备校准误差吗？'当学生展示校准日志后，他微微点头，在报告草案批注'需结合地形折射建模'。,驾车至半山腰便利店，罗恒提前备好冰手冲咖啡。两人站在观景窗前分析气象记录，方知衡用钢笔在笔记本绘制温度梯度图：'上周观测时的逆温层高度，与七年前母亲...'突然收声，转而询问近期露点数据。当罗恒提及昨夜雷暴前的气压骤变，他立即关联到数据异常时间点，在手机日程添加'验证大气折射模型'任务。,在恒温22℃的暗房启动摄影集项目。先用镊子将五年间的胶片按ISO值分类，突然停顿在2017年暴雨云层系列。透过放大镜审视底片时，发现某张边缘有细微光斑，立即建立'异常光现象'追踪文件夹。工作间收到元南的星座提问邮件，简短回复'周日课程解答'后，将青少年天文启蒙纲要草案存入加密云盘。,晚餐食用粤式炖汤时，重新验算大气折射公式。21:00与元逸视频讨论元南的教育方案，当对方提议'直接买天文望远镜当生日礼物'，他皱眉反驳：'认知阶梯比设备重要'。挂断后整理出观测课程三级进阶表，最后检查门窗时，指尖在徕卡相机柜停留片刻又收回，将空调设为26℃睡眠模式。,方知衡在书房整理7月5日与林安予通宵分析的数据集，琥珀色眼睛在屏幕冷光下专注异常。将异常数据点按时间序列标注后，发现其与地磁扰动存在0.87的相关性。凌晨1点完成初步模型搭建，将空调调至24℃后洗漱休息。睡前检查次日行程时，特别标注需向罗恒求证近期山区逆温层数据。
2025-07-10,周四,无,夏季,多云转雷阵雨，34℃,科研攻坚与人际涟漪,"在10天的周期中，方知衡聚焦“科研攻坚与人际涟漪”主题，推进了核心目标：宇宙射线数据异常分析报告接近完成，天文摄影集素材整理已启动，并为元南设计了系统化天文启蒙课程框架。主题体现在高强度科研（如香丘区顶层复式公寓8次数据分析会议）与关系深化中，人际涟漪通过频繁互动展现——林安予（16次）提供支持，元南（15次）受益于课程设计，关系更紧密；罗恒（3次）互动少，暗示潜在发展空间。

主要活动集中在香丘区公寓（11次）和天文院（4次），包括数据分析和观测，辅以明镜公园2次休闲交流。方知衡在科研管理和人际平衡上成长显著，学会高效协作。下周期需完成报告，深化摄影集整理，并探索罗恒的协作可能。（字数：198）",,优化数据分析模型，实地考察元南观测课程场地，采购教学用具,验证大气折射对数据的影响机制，确定元南实践课程观测点，采购专业星图等教具,"元南, 关爷爷",元南-简介待补充；关爷爷-简介待补充,晨跑时测试不同地点的湿度计读数，选定三处元南课程观测点。9:00接元南进山，少年兴奋指着云缝：'方叔看！积雨云像星际战舰！'他递过偏振镜：'先记录云层高度与透光率'。当元南在陡坡绊倒，他立即蹲下检查脚踝，从急救包取出弹性绷带：'科研者首先要学会保护观测工具——你的身体'。,选择茶餐厅僻静角落，为元南点清蒸鲈鱼套餐。用餐时用纸巾绘制简易星轨图讲解岁差原理，当少年抱怨数学太难，他指着窗外榕树气根：'宇宙的语言比这根系更有序'。餐后接到林安予的模型验证报告，回复'误差范围可接受'后，在课程计划添加'三维空间坐标系游戏'模块。,在书店天文学专区挑选教具时，关爷爷突然将《三体》塞进他手中：'年轻人要看点刺激的！'方知衡平静放回书架：'我更推荐《暗淡蓝点》'。结账时发现店主多找了零钱，特意退回并提醒验钞机故障。选购的旋转星图与光谱分析卡按教学顺序排列装箱，额外购入防潮储物盒存放。,将新购星图消毒后按赤纬分类，测试激光笔在模拟星空墙的投射效果。视频指导林安予编写数据可视化代码时，听到背景音里的聚餐喧闹，主动说：'今天先到这里'。22:00整理当日采集的云层照片，某张雷暴云砧照片让他想起七岁那场火灾，深呼吸后关闭相册，服用氯雷他定后提前休息。,雷暴声中惊醒，立即检查电器线路。确认安全后难以入眠，索性推演大气折射模型。凌晨3点发现关键参数误差，邮件通知林安予重算2019年相似气象条件下的数据比对组。将除湿机调至60%湿度后，听着德彪西《月光》浅眠两小时，梦中浮现儿时母亲哼唱的安眠曲片段。
2025-07-11,周五,无,夏季,晴，36℃,科研攻坚与人际涟漪,"在10天的周期中，方知衡聚焦“科研攻坚与人际涟漪”主题，推进了核心目标：宇宙射线数据异常分析报告接近完成，天文摄影集素材整理已启动，并为元南设计了系统化天文启蒙课程框架。主题体现在高强度科研（如香丘区顶层复式公寓8次数据分析会议）与关系深化中，人际涟漪通过频繁互动展现——林安予（16次）提供支持，元南（15次）受益于课程设计，关系更紧密；罗恒（3次）互动少，暗示潜在发展空间。

主要活动集中在香丘区公寓（11次）和天文院（4次），包括数据分析和观测，辅以明镜公园2次休闲交流。方知衡在科研管理和人际平衡上成长显著，学会高效协作。下周期需完成报告，深化摄影集整理，并探索罗恒的协作可能。（字数：198）",,完成分析报告终稿，购置摄影集制作材料，完善元南课程教案,签发宇宙射线异常分析报告，采购暗房冲印材料时遇易奶奶，完成天文启蒙课程三级教案,"易奶奶, 林安予, 元南",易奶奶-简介待补充；林安予-简介待补充；元南-简介待补充,提前到岗校准光谱仪，复核最后三组数据时发现林安予的编码误差。学生紧张道歉时，他指着屏幕：'错误本身比结果珍贵'，亲自演示容错算法。10:00签发报告后，将装订好的文件放入'2025异常现象'档案盒，突然对整理资料的林安予说：'今晚好好休息'，学生愣住时耳尖微红。,购置暗房化学药剂时，易奶奶突然按住他的购物篮：'小哥别买这批定影液，今早送货摔过'。方知衡惊讶于老人敏锐，请教保存方法时，老人挥舞鸡毛掸子演示：'我年轻时相馆学徒...'。他认真记录温控要点，结账时多购两包防潮剂。离开时瞥见老人制服扒手的敏捷身手，想起'观察力是共通天赋'的教案要点。,将元南课程拆解为'认知-实践-创造'三阶九单元，制作出配套教具清单。当元南带着自制日晷来测试，他调整了晷针角度：'时区修正值补上了吗？'少年恍然大悟的表情让他想起自己初中跳级时的知识缺口，在教案补充'常见误区'附录。最后将全部课程文件加密备份时，添加了'元南专属'水印。,按易奶奶建议设置恒温药液槽，冲洗出首批摄影集候选照片。查看星云照片时注意到某张边缘的细微划痕，用修复笔处理时想起母亲遗物相机，动作格外轻柔。21:00将教案发送给元逸后收到感谢回复，只简单回应'应该的'。睡前将下周要用的观测设备检查清单贴在冰箱，空调温度比平日调低1℃。,梦见望远镜目镜中闪烁的异常光斑，惊醒后立即验证梦境联想。凌晨2点确认某类宇宙射线与臭氧层空洞的关联性，在报告结论部分补充防护建议。4点起身为书房绿植浇水，山茶叶片上的露珠让他想起元南晨间观测课程的设计要点，在教案添加'露珠折光实验'模块。
2025-07-12,周日,休息日,夏季,晴朗炎热,科研攻坚与人际涟漪,"在10天的周期中，方知衡聚焦“科研攻坚与人际涟漪”主题，推进了核心目标：宇宙射线数据异常分析报告接近完成，天文摄影集素材整理已启动，并为元南设计了系统化天文启蒙课程框架。主题体现在高强度科研（如香丘区顶层复式公寓8次数据分析会议）与关系深化中，人际涟漪通过频繁互动展现——林安予（16次）提供支持，元南（15次）受益于课程设计，关系更紧密；罗恒（3次）互动少，暗示潜在发展空间。

主要活动集中在香丘区公寓（11次）和天文院（4次），包括数据分析和观测，辅以明镜公园2次休闲交流。方知衡在科研管理和人际平衡上成长显著，学会高效协作。下周期需完成报告，深化摄影集整理，并探索罗恒的协作可能。（字数：198）",2025-07-03 夜间: 方知衡在23:00准时入睡，书房窗台的薄荷散发清香驱散暑气。梦境中浮现宇宙射线数据图表，与母亲遗留的...; 2025-07-03 上午: 方知衡6:00起床，饮用手冲咖啡后驾车至明镜公园晨跑5公里，汗水浸湿衬衫时他调整呼吸，专注观察晨雾中...,利用假日集中处理科研任务：上午完成宇宙射线数据异常分析报告，下午启动天文摄影集素材整理并设计元南的天文启蒙课程，晚间休闲阅读与社交互动。融入晨跑和规律作息，保持工作与生活的平衡。,方知衡高效完成了宇宙射线数据异常分析报告的最终修订，基于7月5日与林安予的通宵分析数据；启动了天文摄影集素材的初步整理，筛选了暴雨前云层照片；为元南设计了系统化天文启蒙课程大纲，融入7月7日夜间观测的教学反馈；通过互动体现了对年轻一代的关怀，夏季高温下虽有轻微烦躁但整体克制理性。,"元南, 推婴儿车的妈妈, 关爷爷",元南-简介待补充；推婴儿车的妈妈-简介待补充；关爷爷-简介待补充,方知衡6:00起床后冲煮手冲咖啡，琥珀色眼睛在晨光下专注。6:30驾车至明镜公园晨跑，夏季高温35°C带来烦躁，他调整呼吸保持克制。跑步时遇推婴儿车的妈妈，她分享育儿疲惫，方知衡耐心倾听，用温和语言建议“仰望星空”缓解压力，体现对弱小的关怀。7:30回家，在西书房工作：完成宇宙射线数据异常分析报告，基于7月5日与林安予的数据，严谨核对每个参数。报告提交前，他反思7月9日与罗恒讨论的山区气象影响，确保结论无误。工作间隙，他瞥见窗台山茶，短暂放空。,方知衡11:00驾车至好味道茶餐厅午餐，偏好安静环境。他点粤式炖汤和沙拉，体现清淡口味。遇老王（放射科技师），两人讨论医学影像与天文数据的共性：老王分享设备维护经验，方知衡以“数据至上”原则回应，强调精确性的重要性。老王提到7月11日云间杂物铺事件，方知衡点头回忆易奶奶的直觉敏锐。餐后，他阅读随身携带的《银河系漫游指南》，放空思绪。13:30返回家中，午休20分钟，书房白掌绿植净化空气。,方知衡14:00启动天文摄影集素材整理，在书房筛选暴雨前云层照片，偏好极简主义风格。他回忆7月7日带元南夜间观测的教学点滴，致电元南讨论课程设计。元南兴奋分享成长烦恼，方知衡以“守护比探索更需要勇气”鼓励，设计出启蒙课程大纲，包含观测实践和质疑训练。电话后，他整理暗房用品（基于7月11日云间杂物铺购置），将文件按年份编码归档。夏季高温令书房微热，他开空调降温，保持高效专注。17:00短暂休息，冲煮第二杯咖啡，琥珀色眼眸映照窗外城市全景。,方知衡18:30驾车至旧时光书店购书，偏好科幻文学。遇关爷爷恶作剧藏起《三岛由纪夫集》，方知衡冷静应对，以逻辑拆解“事实层”，关爷爷大笑分享潮流趣事。方知衡选购天文教材用于元南课程，体现知识传承理念。19:30回家简单晚餐（自制法式清汤），餐后听德彪西《月光》放松。21:00在书房阅读新书，整理次日计划，腕表指针精确移动。22:00早睡，反思一天：科研目标达成，人际互动涟漪扩散（如对元南的课程设计），夏季烦躁被理性化解。,方知衡在23:00准时入睡，室温保持舒适25°C，书房窗台的薄荷驱散夏夜闷热。他梦见7月5日与林安予通宵分析宇宙射线数据的情景：屏幕上的异常峰值闪烁，象征科研攻坚的挑战。梦境中夹杂火灾片段（童年创伤），他惊醒后深呼吸，用理性克制情绪，重新入睡。睡眠质量良好，体现规律作息习惯。清晨5:50自然醒，床头柜的徕卡M3相机静置，他不触碰母亲遗物，专注当下。
2025-07-13,周日,无,夏季,晴朗,创作沉淀与关系深化,"### 周期总结（10天）

本周期围绕“创作沉淀与关系深化”主题展开，方知衡主导团队在10天内部分达成目标：天文摄影集初稿在香丘区公寓（14次活动）完成；元南天文实践课程在香丘天文院（5次活动）和云枢大学（3次活动）初步实施；宇宙物质课题模型验证有所推进。重点角色关系显著深化：林安予（14次互动）与元南（13次互动）协作加强，金喜（6次互动）提供关键支持，郝聪明等次要角色辅助较少。主要活动包括公寓内的集中创作、天文院的课程教学、明镜公园到天文院的移动活动（3次），以及在好味道茶餐厅的2次社交聚会，促进团队凝聚力。

方知衡通过频繁互动和专业实践，展现出成长：他增强了创作沉淀能力（如摄影集初稿的成型），并提升了人际沟通技巧，更自信地协调团队关系。下个周期将聚焦于摄影集完善和模型验证深化，为课题收尾铺垫。",2025-07-13 夜间: 方知衡在书房整理观测数据至深夜，月光透过落地窗洒在排列整齐的文献上。他小心调试老唱片机播放德彪西《月...; 2025-07-13 上午: 晨跑时偶遇推婴儿车的年轻妈妈，对方请教婴儿车顶棚的星座图案含义。方知衡俯身用手机星图APP演示夏季大...,元南天文实践课程实施、课题数据初步验证、摄影素材采集,成功完成香丘山区观测实践教学，验证宇宙射线数据模型雏形，捕捉到暴雨前云层摄影素材,"元南, 推婴儿车的妈妈, 老王",元南-简介待补充；推婴儿车的妈妈-简介待补充；老王-简介待补充,晨跑时偶遇推婴儿车的年轻妈妈，对方请教婴儿车顶棚的星座图案含义。方知衡俯身用手机星图APP演示夏季大三角，意外发现婴儿裹毯绣着马约拉纳费米子方程式。驾车接元南途中，少年兴奋分享自制的双星系统模型。在山区观测点，方知衡指导架设便携式射电望远镜，演示如何校准宇宙射线接收器。当元南首次独立捕获到蟹状星云信号时，他轻拍少年肩膀递上记录本：“误差值比上周减小37%，进步显著。”,带元南用餐时巧遇放射科老王。老王见方知衡用钢笔在餐巾纸推导公式，调侃其“连酱油瓶都要按经纬度摆放”。三人讨论医疗器械与天文设备的校准共性时，方知衡注意到积雨云移动速度异常，迅速结束午餐。离店前将未动过的辣酱碟推到离元南最远的桌角，并提醒服务员：“劳烦收走时避免溅到那位穿白衬衫的顾客。”,暴雨前夕的云层翻涌引发拍摄灵感。方知衡从越野车取出徕卡M3，用三脚架在悬崖边连续拍摄。当元南好奇触碰相机时，他立即扶住少年手腕：“退后两步，你鞋带散了。” 返程后直奔暗房，将胶片浸入显影液时突然停顿——某张底片意外拍下元南仰望云层的侧影。他额外调整了显影时间，把这张编号为“Obs20250713-08”的照片单独收纳。,晚餐准备法式清汤时，接到林安予的模型验证疑问。方知衡边搅拌汤汁边口述修正参数，突然关火补充：“第5组数据需重新采样，仪器温度记录缺失了海拔修正值。” 饭后整理今日观测数据，发现元南记录本里夹着画星空漫画的便签纸，他将其夹进《银河系漫游指南》扉页。睡前将明日要还给关爷爷的《天体摄影的光学原理》放在玄关显微镜旁。,方知衡在书房整理观测数据至深夜，月光透过落地窗洒在排列整齐的文献上。他小心调试老唱片机播放德彪西《月光》，在钢琴声中核对星图坐标。睡前检查元南明日实践课物资清单，将自制星图教具按观测顺序排列在玄关。梦中浮现童年山林间追逐萤火的场景，与今日要去的香丘山区重叠。
2025-07-14,周一,无,夏季,多云,创作沉淀与关系深化,"### 周期总结（10天）

本周期围绕“创作沉淀与关系深化”主题展开，方知衡主导团队在10天内部分达成目标：天文摄影集初稿在香丘区公寓（14次活动）完成；元南天文实践课程在香丘天文院（5次活动）和云枢大学（3次活动）初步实施；宇宙物质课题模型验证有所推进。重点角色关系显著深化：林安予（14次互动）与元南（13次互动）协作加强，金喜（6次互动）提供关键支持，郝聪明等次要角色辅助较少。主要活动包括公寓内的集中创作、天文院的课程教学、明镜公园到天文院的移动活动（3次），以及在好味道茶餐厅的2次社交聚会，促进团队凝聚力。

方知衡通过频繁互动和专业实践，展现出成长：他增强了创作沉淀能力（如摄影集初稿的成型），并提升了人际沟通技巧，更自信地协调团队关系。下个周期将聚焦于摄影集完善和模型验证深化，为课题收尾铺垫。",,宇宙物质课题深化验证、摄影集素材筛选、文献资料补充,完成课题模型三次验证迭代，筛选出12张摄影集核心作品，在旧时光书店获得关键文献支持,"林安予, 关爷爷, 郝聪明",林安予-简介待补充；关爷爷-简介待补充；郝聪明-简介待补充,晨跑后直接前往天文院，将手写修正方案交给林安予：“不是程序错误，是初始参数范围设定超出仪器实际精度。” 学生调侃他熬夜证据藏在咖啡杯量，方知衡指着手表转移话题：“离数据校验还有47分钟。” 在控制室调试光谱仪时，他特意将林安予的座位调到能看见实时数据流的视角。,在食堂清淡窗口偶遇郝聪明，对方正为考研资料费发愁。方知衡点完粤式蒸鱼后，将未拆封的《天体物理学报》递给郝聪明：“这期有你要的参考文献，期刊社多寄了本。” 餐后绕路去流浪猫投喂点补充食水，发现新来的三花猫幼崽，拍下照片发给动物救助站。,为摄影集查阅文献时，关爷爷突然用鸡毛掸子敲书架：“小鬼头，你挡着我捉弄客人的最佳角度了！” 方知衡配合地挪到窗边，却见老人变魔术般推出1960年代的天文摄影年鉴。两人讨论银盐相纸特性时，郝聪明前来归还期刊，方知衡注意到他包里露出的考研笔记，抽钢笔在便签写下文献检索公式。,晚餐后摊开36张摄影样片在地板，按色温光谱分类排列。当目光停留在元南的侧影照时，他额外打印小样夹进教案。十点收到林安予的新验证报告，回复邮件强调：“图7的误差棒范围需用对数坐标呈现。” 临睡前将关爷爷推荐的年鉴放进防潮柜，旁边摆着母亲留下的徕卡相机。,深夜复查课题数据时，方知衡发现林安予提交的模拟程序存在边界条件漏洞。他重新推导算法直至凌晨两点，将修正建议写成手写信件。睡前给窗台薄荷浇水时，月光照亮书桌上并排放置的三份验证报告——封皮分别标注“初步验证”“误差修正”“置信度99.7%”。
2025-07-15,周二,无,夏季,小雨转晴,创作沉淀与关系深化,"### 周期总结（10天）

本周期围绕“创作沉淀与关系深化”主题展开，方知衡主导团队在10天内部分达成目标：天文摄影集初稿在香丘区公寓（14次活动）完成；元南天文实践课程在香丘天文院（5次活动）和云枢大学（3次活动）初步实施；宇宙物质课题模型验证有所推进。重点角色关系显著深化：林安予（14次互动）与元南（13次互动）协作加强，金喜（6次互动）提供关键支持，郝聪明等次要角色辅助较少。主要活动包括公寓内的集中创作、天文院的课程教学、明镜公园到天文院的移动活动（3次），以及在好味道茶餐厅的2次社交聚会，促进团队凝聚力。

方知衡通过频繁互动和专业实践，展现出成长：他增强了创作沉淀能力（如摄影集初稿的成型），并提升了人际沟通技巧，更自信地协调团队关系。下个周期将聚焦于摄影集完善和模型验证深化，为课题收尾铺垫。",,课题最终验证、摄影展植物挑选、大暑作息调整准备,完成宇宙物质课题最终模型验证，与金喜深度交流获得布展灵感，启动夏季作息调整计划,"林安予, 金喜, 易奶奶",林安予-简介待补充；金喜-简介待补充；易奶奶-简介待补充,提前到岗完成设备巡检，与林安予进行最终数据校验。当验证通过时，学生欢呼着举起咖啡杯，方知衡后退半步：“液体和键盘的最小安全距离是42厘米。” 他打开保险柜取出镀金样本盘：“这是第107次验证成功的纪念。” 盘底刻着母亲离世日期——用行动诠释守护比探索更需要勇气。,为调整大暑作息提前体验午后工作模式。在咖啡厅角落绘制摄影展动线图时，被易奶奶的鸡毛掸子敲桌惊醒：“小子！你盯那盆绿植半小时了！” 方知衡请教植物养护秘诀，老人大笑着揭露曾用茶水浇死仙人掌的黑历史。他悄悄记下“避免直射光”“控制浇水量”等要点，餐巾纸上渐次铺满星轨般的笔记。,金喜推荐山茶时突发货架倒塌，方知衡瞬间护住花盆却被泥土溅满衬衫。两人整理残枝时发现被压的星花苗，他小心修剪根系：“和宇宙物质类似，损伤率超过23%就难存活。” 金喜谈起父母留下的星空花语笔记，方知衡用手机展示今晨验证成功的星云图。当雨停时，他选定白掌与蓝星花：“它们像暗物质与可见物质的共生。”,将沾泥衬衫按色系送洗后，方知衡在书房调整山茶摆放角度。给元南回复天文问题时附加了花店星空图：“你上周问的星团形成，可类比多肉植物的群生特性。” 睡前整理大暑作息表，把晨跑时间调至五点，在电子日历标记“7月22日：摄影集初稿完成”。月光中他按下老唱片机开关，德彪西的钢琴声里混入窗外雨打薄荷的轻响。,方知衡在书房校对最终验证报告至凌晨，突然停电时立即启用应急电源。烛光中他给每台设备罩上防尘罩，动作精准得如同操作望远镜。重新供电后发现冰箱温度异常，连夜将需要冷藏的试剂转移至天文院恒温柜。月光透窗照亮他检查电路的身影，恍如童年火灾夜的倒影。
2025-07-16,周三,无,夏季,晴朗,创作沉淀与关系深化,"### 周期总结（10天）

本周期围绕“创作沉淀与关系深化”主题展开，方知衡主导团队在10天内部分达成目标：天文摄影集初稿在香丘区公寓（14次活动）完成；元南天文实践课程在香丘天文院（5次活动）和云枢大学（3次活动）初步实施；宇宙物质课题模型验证有所推进。重点角色关系显著深化：林安予（14次互动）与元南（13次互动）协作加强，金喜（6次互动）提供关键支持，郝聪明等次要角色辅助较少。主要活动包括公寓内的集中创作、天文院的课程教学、明镜公园到天文院的移动活动（3次），以及在好味道茶餐厅的2次社交聚会，促进团队凝聚力。

方知衡通过频繁互动和专业实践，展现出成长：他增强了创作沉淀能力（如摄影集初稿的成型），并提升了人际沟通技巧，更自信地协调团队关系。下个周期将聚焦于摄影集完善和模型验证深化，为课题收尾铺垫。",2025-07-13 夜间: 方知衡在书房整理观测数据至深夜，月光透过落地窗洒在排列整齐的文献上。他小心调试老唱片机播放德彪西《月...; 2025-07-13 上午: 晨跑时偶遇推婴儿车的年轻妈妈，对方请教婴儿车顶棚的星座图案含义。方知衡俯身用手机星图APP演示夏季大...,完成摄影集素材初筛，启动元南天文实践课程，推进课题模型算法框架,成功筛选出30张核心摄影作品，为元南设计定制化观测课程，完成模型算法基础架构,"元南, 林安予, 金喜",元南-简介待补充；林安予-简介待补充；金喜-简介待补充,"晨跑时在公园遇到推婴儿车的妈妈，方知衡主动放慢脚步避免惊扰婴儿。随后驾车接元南前往天文院，少年兴奋地追问夏季星座观测要点。方知衡用三脚架演示极轴校准时，发现元南自带笔记本已记录着精密的计算公式，便临时增加光谱分析实践环节，""质疑很好，但记住望远镜永远比公式更诚实""，说着将目镜调整到最佳焦距。","在食堂清淡窗口遇林安予，她正苦恼模型验证的数据波动。方知衡用餐巾纸画出数据校正公式：""仪器误差概率79%，重新标定基准值""。看到学生豁然开朗的表情，他难得调侃：""要一直这么犀利吗？"" 饭后在办公室复核元南的观测记录，将少年把仙女座星系误标为三角座的错误圈出，批注""位置决定视野""的登山社格言。","专注调试宇宙尘埃分布模型，将手机设为勿扰模式。当林安予带着重新标定的数据进来时，他正在白板推导马约拉纳费米子公式，粉笔突然断裂。学生忍笑递上新粉笔：""老师毒奶体质连粉笔都不放过？"" 方知衡推了下钛合金眼镜：""物理损耗概率98%，与运气无关""。完成算法框架时夕阳透过穹顶，在他手写公式上投下金色光斑。","在咖啡厅整理摄影集注释时，金喜带着盆栽前来致谢昨日花艺建议。方知衡注意到她腕部烫伤痕迹，递上薄荷膏：""低温烫伤应冷敷15分钟""。当金喜聊到想拍摄流星雨却总遇阴天，他查看云图后说：""明晚象限仪座流星雨，云层厚度0.3""，金喜惊喜发现他毒奶体质反向应验。离开前他订购了白掌替换书房枯萎绿植。",方知衡在书房整理天文摄影胶片，月光透过落地窗洒在排列整齐的底片盒上。他按星云类型分类编号M78猎户座大星云照片时，突然发现其中一张意外捕捉到流星轨迹，琥珀色眼眸在台灯光下闪过一丝满足。凌晨2点完成暗房冲洗后，他检查了元南明日实践课的器材清单，确保望远镜校准无误才就寝。
2025-07-17,周四,无,夏季,多云转阵雨,创作沉淀与关系深化,"### 周期总结（10天）

本周期围绕“创作沉淀与关系深化”主题展开，方知衡主导团队在10天内部分达成目标：天文摄影集初稿在香丘区公寓（14次活动）完成；元南天文实践课程在香丘天文院（5次活动）和云枢大学（3次活动）初步实施；宇宙物质课题模型验证有所推进。重点角色关系显著深化：林安予（14次互动）与元南（13次互动）协作加强，金喜（6次互动）提供关键支持，郝聪明等次要角色辅助较少。主要活动包括公寓内的集中创作、天文院的课程教学、明镜公园到天文院的移动活动（3次），以及在好味道茶餐厅的2次社交聚会，促进团队凝聚力。

方知衡通过频繁互动和专业实践，展现出成长：他增强了创作沉淀能力（如摄影集初稿的成型），并提升了人际沟通技巧，更自信地协调团队关系。下个周期将聚焦于摄影集完善和模型验证深化，为课题收尾铺垫。",,优化课题模型算法，深化元南数据分析教学，完善摄影集视觉叙事,突破模型维度转换瓶颈，指导元南完成首个完整数据集分析，确立摄影集时空叙事脉络,"元南, 李弯弯, 金喜",元南-简介待补充；李弯弯-简介待补充；金喜-简介待补充,"晨跑遇暴雨转体育馆，见李弯弯独自进行阻力训练。当她抱怨男友不陪练时，方知衡递上毛巾：""运动心率达标即可，不必强求陪伴""。在办公室收到金喜的流星雨照片邮件——昨夜她真拍到32颗流星。回复邮件时特别标注：""ISO过高致噪点，下次尝试1600以下""，附件添加自己拍的对比图。","与老王拼桌讨论医学影像技术。当老王抱怨CT机总在雨天故障，方知衡用手机展示天文台湿度控制系统：""精密设备需恒定露点""，并画出电路改造草图。老王惊呼：""方教授改行修机器吧！"" 他抿了口茶：""只是基础物理应用""。餐后婉拒奶茶，只要了白开水继续修改元南的实践课教案。","指导元南分析昨日观测数据。少年发现仙女座星系红移异常兴奋不已，方知衡却指出：""你忘了校准大气折射系数""。亲自示范用棱镜分光仪验证，琥珀色瞳孔在光谱映照下格外专注。当元南终于得出正确数据，他破例允许少年在观测日志画上庆祝表情。雨停时，两人在露台看见双彩虹，方知衡低声说：""光的分形之美""。","将摄影作品按宇宙演化时间线排列时，发现缺少早期星系理论支撑。在论坛ID""轨道校正员""发帖求文献无果，决定明日去旧时光书店。家政阿姨打扫时打翻收纳盒，他立即蹲下整理：""胶片温度要恒温15℃""。睡前重读《三体》寻找灵感，在描写宇宙黑暗森林的段落旁批注：""文明应如星云，包容才有光芒""。","雷雨声中，方知衡在书房校对模型参数。当闪电划亮《银河系漫游指南》书脊时，他突然想到用拓扑学解决维度转换问题。在唱片机播放德彪西《月光》时验算成功，将新算法命名为""雨夜拓扑""。临睡前检查阳台薄荷是否受暴雨影响，意外发现暴雨洗净的夜空格外清澈，用徕卡M3记录下云缝中的北极星。"
2025-07-18,周五,无,夏季,晴朗,创作沉淀与关系深化,"### 周期总结（10天）

本周期围绕“创作沉淀与关系深化”主题展开，方知衡主导团队在10天内部分达成目标：天文摄影集初稿在香丘区公寓（14次活动）完成；元南天文实践课程在香丘天文院（5次活动）和云枢大学（3次活动）初步实施；宇宙物质课题模型验证有所推进。重点角色关系显著深化：林安予（14次互动）与元南（13次互动）协作加强，金喜（6次互动）提供关键支持，郝聪明等次要角色辅助较少。主要活动包括公寓内的集中创作、天文院的课程教学、明镜公园到天文院的移动活动（3次），以及在好味道茶餐厅的2次社交聚会，促进团队凝聚力。

方知衡通过频繁互动和专业实践，展现出成长：他增强了创作沉淀能力（如摄影集初稿的成型），并提升了人际沟通技巧，更自信地协调团队关系。下个周期将聚焦于摄影集完善和模型验证深化，为课题收尾铺垫。",,旧时光书店文献研究，模型验证测试，摄影集序言撰写,获取关键摄影理论文献，完成模型首次验证测试，确立摄影集哲学框架,"郝聪明, 关爷爷, 林安予",郝聪明-简介待补充；关爷爷-简介待补充；林安予-简介待补充,"在摄影理论区查找《天体摄影的光学哲学》时，郝聪明不慎碰落书堆。方知衡扶住摇摇欲坠的书架：""重心偏移12度就会坍塌""。发现郝聪明在读《天体物理学基础》，他抽出一本《观测数据处理技巧》：""第7章误差分析更适合初学者""。关爷爷突然出现：""方教授挑书比选女朋友还严！"" 方知衡耳尖微红：""只是基础匹配原则""。","带林安予测试""银盐算法""。当数据完美匹配预测曲线，学生欢呼雀跃，方知衡却盯着0.7%的偏差：""太阳风影响被低估了""。在食堂用番茄酱画出磁层示意图讲解，林安予调侃：""老师连吃饭都在做矢量分析？"" 他认真擦拭指尖酱汁：""能量传递需要可视化""。餐后收到金喜送来抵用券：""谢方教授的反向毒奶让我拍到流星""。","结合书店获取的文献，撰写摄影集序言：""宇宙摄影是时空的切片，每个像素都承载138亿年的历史""。林安予带来最终验证数据时，他停笔展示刚写的段落：""科学和艺术在追寻真理时是同构的""。学生指着满墙星云照片：""老师其实很浪漫啊""，方知衡推眼镜掩饰表情：""只是客观描述""，却在脚注加了""致所有仰望星空的人""。","将摄影集初稿命名为《星尘叙事诗》，按色温重新调整作品顺序。泡薄荷茶时接到元南电话：""方教授！我用您教的方法发现变星了！"" 方知衡走到阳台仰望星空：""很好，但记得写观测日志""。挂电话后轻抚徕卡相机，将明日日程表""母亲忌日""栏彻底删除——正如档案所述，他活在当下，只计划在月相最佳时拍摄新星云。","梦见星云在胶片上旋转凝聚，突然化作数据流冲击课题模型。惊醒后立即记录：""宇宙尘埃分布与暗房显影存在相似分形""。凌晨4点修改验证程序时，发现用摄影曝光原理可优化模型精度。将新方法命名为""银盐算法""，在晨光中为窗台山茶花调整了朝向，确保每片叶子受光均匀。"
2025-07-19,周六,周末,夏季,多云转晴,创作沉淀与关系深化,"### 周期总结（10天）

本周期围绕“创作沉淀与关系深化”主题展开，方知衡主导团队在10天内部分达成目标：天文摄影集初稿在香丘区公寓（14次活动）完成；元南天文实践课程在香丘天文院（5次活动）和云枢大学（3次活动）初步实施；宇宙物质课题模型验证有所推进。重点角色关系显著深化：林安予（14次互动）与元南（13次互动）协作加强，金喜（6次互动）提供关键支持，郝聪明等次要角色辅助较少。主要活动包括公寓内的集中创作、天文院的课程教学、明镜公园到天文院的移动活动（3次），以及在好味道茶餐厅的2次社交聚会，促进团队凝聚力。

方知衡通过频繁互动和专业实践，展现出成长：他增强了创作沉淀能力（如摄影集初稿的成型），并提升了人际沟通技巧，更自信地协调团队关系。下个周期将聚焦于摄影集完善和模型验证深化，为课题收尾铺垫。",2025-07-13 夜间: 方知衡在书房整理观测数据至深夜，月光透过落地窗洒在排列整齐的文献上。他小心调试老唱片机播放德彪西《月...; 2025-07-13 上午: 晨跑时偶遇推婴儿车的年轻妈妈，对方请教婴儿车顶棚的星座图案含义。方知衡俯身用手机星图APP演示夏季大...,指导元南天文实践课程，推进宇宙物质课题数据整理，整理摄影集素材,成功实施元南天文实践课程，课题数据处理进度达70%，筛选出15张优质摄影素材,"元南, 金喜, 关爷爷",元南-简介待补充；金喜-简介待补充；关爷爷-简介待补充,晨跑时在明镜湖畔偶遇推婴儿车的妈妈，帮忙拾起被风吹走的婴儿毯（保持一米距离递还）。随后驾车接元南前往天文院，途中讲解晨雾形成的科学原理。在天文台360度观景厅指导元南操作望远镜，用钢笔在笔记本绘制星轨示意图：“位置决定视野，但更重要的是理解现象背后的原理”。,带元南到欣欣花店选购天文摄影展植物，金喜推荐耐阴的鹿角蕨。当元南好奇触摸多肉植物时，方知衡立即递上消毒湿巾（轻微洁癖本能）。婉拒金喜共进午餐的邀请，回家做粤式冬瓜薏米汤，与元南讨论青少年社交困境，破例允许他在书房吃低糖饼干（书页用镇纸仔细压住）。,在观测室独自处理宇宙射线数据，手机设为勿扰模式。发现元南在门外徘徊，破例让他参与数据录入（严谨检查每个小数点）。当元南质疑某个参数设定时，方知衡眼睛微亮：“合理的质疑比盲从珍贵”，现场演示公式推导过程。最后将备份硬盘按年份编码存入保险柜。,在书店摄影区偶遇关爷爷，被塞了本《天体摄影的光影魔法》（封面贴着“老顽童推荐”便签）。婉拒关爷爷的咖啡邀约，回家用白灼虾配法式清汤晚餐。暗房冲洗日全食系列胶片时，发现关爷爷在书里夹的北极光明信片，琥珀色眼眸在红色暗房灯光下泛起暖意。,方知衡在书房整理天文摄影素材至深夜，按色温分类星空照片。凌晨2点被火灾噩梦惊醒（琥珀色瞳孔在黑暗中收缩），服用氯雷他定后靠在窗边凝视城市灯火，用徕卡M3拍摄凌晨4点的云层流动。最后在唱片机播放的德彪西《月光》中浅眠，梦见冰岛黑沙滩的玄武岩柱群。
2025-07-20,周日,周末,夏季,晴朗,创作沉淀与关系深化,"### 周期总结（10天）

本周期围绕“创作沉淀与关系深化”主题展开，方知衡主导团队在10天内部分达成目标：天文摄影集初稿在香丘区公寓（14次活动）完成；元南天文实践课程在香丘天文院（5次活动）和云枢大学（3次活动）初步实施；宇宙物质课题模型验证有所推进。重点角色关系显著深化：林安予（14次互动）与元南（13次互动）协作加强，金喜（6次互动）提供关键支持，郝聪明等次要角色辅助较少。主要活动包括公寓内的集中创作、天文院的课程教学、明镜公园到天文院的移动活动（3次），以及在好味道茶餐厅的2次社交聚会，促进团队凝聚力。

方知衡通过频繁互动和专业实践，展现出成长：他增强了创作沉淀能力（如摄影集初稿的成型），并提升了人际沟通技巧，更自信地协调团队关系。下个周期将聚焦于摄影集完善和模型验证深化，为课题收尾铺垫。",,完成宇宙物质课题模型验证，补充摄影集文字注解,与林安予成功验证课题模型关键参数，摄影集文字注解完成80%，在Fresh超市触发郝聪明与瑟琳娜的暗恋观察,"林安予, 郝聪明, 瑟琳娜",林安予-简介待补充；郝聪明-简介待补充；瑟琳娜-简介待补充,晨跑时用手机拍摄湖面晨雾，偶遇李弯弯进行长跑训练（默默调整路线避免扬尘）。在天文院打印验证流程时，林安予带着手工咖啡准时出现：“教授毒奶体质名不虚传——您昨天说别熬夜，我就真失眠了”。方知衡抿唇接过咖啡：“因果关系不成立”。,采购暗房化学试剂时，目睹郝聪明帮瑟琳娜整理被顾客弄乱的货架。当瑟琳娜递水时郝聪明耳尖通红的样子，让方知衡想起《天体力学》里潮汐锁定的卫星（不自觉用学术概念类比情感）。结账时向瑟琳娜推荐云枢大学夜校天文讲座，瞥见郝聪明突然发亮的眼睛。,模型验证关键阶段，林安予发现数据异常：“教授，这里是否参考了费米子最新论文？”方知衡迅速调取资料，指尖在键盘敲出清脆节奏。当验证成功的绿光亮起，他破例与林安予击掌（随即用消毒纸巾擦拭）：“这是你敢于质疑的成果”。将庆祝蛋糕推给助教：“糖分超标，你解决”。,用三文鱼沙拉晚餐时，微信收到元南发的星座观测笔记（附带流星emoji）。在书房为日珥照片撰写注解：“等离子体的舞蹈比任何人类艺术更永恒”，钢笔突然漏墨污染稿纸——毒奶体质再次应验。无奈改用电子文档，将染墨稿纸按纹理折叠成书签。,为明日验证测试做最后演算，钢笔尖在稿纸上划出沙沙声。凌晨检查望远镜校准数据时，发现林安予发来的改进方案邮件（发送时间01:17），回复“参数修正合理，但请保证睡眠”后，将热牛奶放在窗台冷却。在薄荷清香中浅眠三小时，无梦。
2025-07-21,周一,无,夏季,雷阵雨,创作沉淀与关系深化,"### 周期总结（10天）

本周期围绕“创作沉淀与关系深化”主题展开，方知衡主导团队在10天内部分达成目标：天文摄影集初稿在香丘区公寓（14次活动）完成；元南天文实践课程在香丘天文院（5次活动）和云枢大学（3次活动）初步实施；宇宙物质课题模型验证有所推进。重点角色关系显著深化：林安予（14次互动）与元南（13次互动）协作加强，金喜（6次互动）提供关键支持，郝聪明等次要角色辅助较少。主要活动包括公寓内的集中创作、天文院的课程教学、明镜公园到天文院的移动活动（3次），以及在好味道茶餐厅的2次社交聚会，促进团队凝聚力。

方知衡通过频繁互动和专业实践，展现出成长：他增强了创作沉淀能力（如摄影集初稿的成型），并提升了人际沟通技巧，更自信地协调团队关系。下个周期将聚焦于摄影集完善和模型验证深化，为课题收尾铺垫。",,完成摄影集初稿，调整夏季作息，处理教学事务,在雷雨声中完成摄影集初稿，为元南制定暑期学习计划，在云间杂物铺展现对易奶奶的隐蔽关怀,"易奶奶, 元南, 林安予",易奶奶-简介待补充；元南-简介待补充；林安予-简介待补充,因暴雨取消晨跑，提前到办公室调整空调温度。林安予来交验证报告时调侃：“教授今天领带像超新星残骸”——方知衡低头发现咖啡渍（毒奶体质发作），从容更换备用衬衫。在《天体观测》课上展示验证成果，特别表扬林安予的批判性思维：“科学进步始于合理的质疑”。,采购暗房用品时，发现易奶奶追打小偷。方知衡用手机拍摄现场后报警（保持安全距离），结账时“恰好”多买老年人专用的关节膏。在食堂清淡窗口遇元南，用番茄炒蛋里的鸡蛋演示日食原理：“就像天体遮挡的光学现象”，将关节膏混入给元南的暑期学习资料袋。,将摄影作品按“星云-星轨-天体现象”三部分排版，在雷雨间隙抓拍闪电击中电视塔的瞬间（最后一张入集）。为照片配文时反复推敲：“光年尺度下的浪漫”被改成“电磁波谱的可视化表达”。最终初稿定名《轨道之间：天体美学观察》，发出版社前备份三份。,法式洋葱汤配全麦面包晚餐后，调整夏季作息表：晨跑提前至5:30，午休延长20分钟。收到金喜的向日葵照片（附言“庆祝初稿”），将图片存入“自然光影参考”文件夹。泡薄荷茶时查看天文论坛，发现郝聪明提问星座知识，回复学术文献链接后留言：“建议系统学习基础天体力学”。,暴雨敲打落地窗，方知衡将山茶花搬离窗台。整理母亲留下的徕卡相机时（避免直接回忆，专注保养机械结构），雷暴触发火灾记忆闪回。打开全屋灯光后，用天文论坛ID“轨道校正员”回复学生提问转移注意力。凌晨雨势渐弱，在《银河系漫游指南》有声书中入眠。
2025-07-22,周二,无,夏季,晴朗炎热,创作沉淀与关系深化,"### 周期总结（10天）

本周期围绕“创作沉淀与关系深化”主题展开，方知衡主导团队在10天内部分达成目标：天文摄影集初稿在香丘区公寓（14次活动）完成；元南天文实践课程在香丘天文院（5次活动）和云枢大学（3次活动）初步实施；宇宙物质课题模型验证有所推进。重点角色关系显著深化：林安予（14次互动）与元南（13次互动）协作加强，金喜（6次互动）提供关键支持，郝聪明等次要角色辅助较少。主要活动包括公寓内的集中创作、天文院的课程教学、明镜公园到天文院的移动活动（3次），以及在好味道茶餐厅的2次社交聚会，促进团队凝聚力。

方知衡通过频繁互动和专业实践，展现出成长：他增强了创作沉淀能力（如摄影集初稿的成型），并提升了人际沟通技巧，更自信地协调团队关系。下个周期将聚焦于摄影集完善和模型验证深化，为课题收尾铺垫。",2025-07-13 夜间: 方知衡在书房整理观测数据至深夜，月光透过落地窗洒在排列整齐的文献上。他小心调试老唱片机播放德彪西《月...; 2025-07-13 上午: 晨跑时偶遇推婴儿车的年轻妈妈，对方请教婴儿车顶棚的星座图案含义。方知衡俯身用手机星图APP演示夏季大...,完成摄影集初稿、指导元南天文实践、推进宇宙物质模型验证,成功完成天文摄影集初稿并调整夏季作息；指导元南完成星图绘制实践；与林安予验证宇宙物质模型关键数据；在明镜公园偶遇推婴儿车妈妈展现关怀,"元南, 林安予, 推婴儿车的妈妈",元南-简介待补充；林安予-简介待补充；推婴儿车的妈妈-简介待补充,05:50抵达明镜公园晨跑，调整路线至林荫道避开烈日。偶遇推婴儿车的年轻妈妈在长椅休憩，婴儿因炎热哭闹不止。方知衡从运动包取出备用小风扇递去：“空气流通比直吹更适宜婴幼儿”。返家后指导元南进行暑期实践：用星图软件比对上周拍摄的夏季银河，当元南将M8礁湖星云误标为M20三裂星云时，方知衡用钢笔在素描本画出二者尘埃带的差异特征：“错误是更牢固的记忆锚点”。,在食堂清淡窗口选择白灼虾仁与百合芦笋，用餐时收到林安予的模型验证进度报告。回办公室将冷气调低2℃，在便签写下“安予：P7数据组需复核赤经校准参数”贴在显示器边框。小憩时翻阅《天文摄影的光度测定》，书页间滑出金喜在欣欣花店赠送的干压花书签——羽衣甘蓝叶片上写着“祝方老师影展顺利”。,与林安予调试宇宙尘埃分布模型，当服务器突然宕机，方知衡冷静指出备用电源接口氧化问题。数据恢复后，林安予发现蟹状星云观测值与模型存在0.7角秒偏差，方知衡亲自操作望远镜复测：“这可能是发现新星际物质的契机”。验证成功后，林安予调侃：“今天您没说我钻牛角尖”，方知衡将咖啡杯推给她：“合理的质疑永远值得鼓励”，耳尖微微泛红。,晚餐食用自制的法式蔬菜清汤后，将36张天文照片在红木书桌铺开。最终选定IC1396象鼻星云作为封面，在便签写下“致谢：林安予-数据支持，元南-星图校对”。在暗房冲洗大暑当天的日珥照片时，发现底片意外记录到SOHO卫星轨迹，当即标注为摄影集彩蛋。22:00将初稿存入保险柜，把作息表晨跑栏修改为“05:30-06:30”，窗台薄荷叶已恢复挺立。,方知衡在睡前将摄影集素材按星云分类整理完毕，设定空调至24℃后准时入睡。凌晨梦见母亲顾雪岚站在冰岛黑沙滩上，手持徕卡M3相机凝望极光——这是火灾事故后首次出现温和的梦境。4:30自然醒，提前半小时开始新作息，在书房冲泡埃塞俄比亚手冲咖啡时，注意到窗台薄荷叶因高温微微卷曲。
