"event_time",title,type,content
"Jun 22, 2025 @ 00:00:00.000","常州足球队五连败后景区推光头免票","运动","2025年6月21日，常州队在“苏超”联赛中以0:4不敌南京队，遭遇五轮全败且每场均未进球的尴尬战绩。赛后，常州天目湖景区推出“光头免票”活动，自6月22日持续至8月31日，规定所有光头游客（不限性别、年龄）在山水园和南山竹海游玩可免门票，活动宣传语“0蛋不慌头球不行但头亮行”充满幽默，旨在缓解球迷因球队失利的失落情绪。该景区此前曾结合赛事推出类似免票活动（如对南京、扬州市民免票），此次活动经工作人员确认属实，但官方渠道暂未发布正式公告。"
"Jun 22, 2025 @ 00:00:00.000","稻城亚丁景区塌方致道路阻断","旅行","受连续强降雨影响，2025年6月21日17时10分许，稻城亚丁景区内“金刚挑战线”（长线）舍身崖区域发生垮塌，存在严重安全隐患，已不具备游览条件。为保障游客安全，景区自6月22日起暂停开放金刚挑战线游览区域，恢复开放时间另行通知；亚丁景区观音慈悲线和文殊智慧线（洛绒牛场、卓玛拉措游览区域）正常开放。安全隐患整治期间，景区门票由146元/人调整为120元/人，景区工作人员表示此次塌方无人员伤亡。"
"Jun 22, 2025 @ 00:00:00.000","稻城亚丁塌方区域暂停开放","旅行","6月21日17时10分许，稻城亚丁景区“金刚挑战线”舍身崖区域因连续强降雨发生垮塌，存在严重安全隐患，已不具备游览条件，景区自6月22日起暂停开放金刚挑战线（即长线）游览区域，恢复开放时间另行通知，期间门票由146元/人调整为120元/人，其他区域正常开放。多名游客21日下午游玩时遭遇塌方，道路被山石阻断，后被救援队安全转移，无人员伤亡。此前该线路5月1日刚恢复开放，5月曾有游客因高反在该线路离世。"
"Jun 22, 2025 @ 00:00:00.000","扬州出逃卡皮巴拉'豆包'公开征婚","宠物","扬州茱萸湾动物园近日为网红卡皮巴拉“豆包”公开征婚。“豆包”于4月3日与家族成员集体出逃，其他同伴陆续被抓回，它在外逗留两个月后于6月3日回归。归家后，“豆包”与原同伴“霸总”“躲躲”关系紧张，经饲养员调解无效，且正值发情期，园方遂发布征婚启事，面向全国动物园寻找优质公水豚。征婚条件提及无需彩礼、有正式编制，嫁妆含“豪华别墅+专属泳池”等。此前因悬赏仅一张门票被笑称“小气巴拉”的动物园，此次以幽默方式为“豆包”寻缘，既关注动物福利，也借“网红”热度提升公众对动物保护的关注。"
"Jun 22, 2025 @ 00:00:00.000","游乐场小火车碾轧女童致死","日常琐事","2025年6月20日晚9时50分左右，河南荥阳市贾峪镇群众广场发生悲剧，一名两岁多女童在观看地摊游乐小火车时，因小火车未关门被卷入碾压，送医后抢救无效身亡。涉事游乐项目由外地老板经营约一个月，事故后已停止运营，负责人被警方控制，市场监管部门跟进处理，属地政府正安抚家属并调查原因。此次事件暴露出地摊游乐设施安全隐患，如设备防护缺失、管理松散等，引发公众对儿童游乐场所安全监管的关注与反思。"
"Jun 22, 2025 @ 00:00:00.000","鄱阳中考接送车超速致2死","日常琐事","2025年6月19日13时32分，江西鄱阳县谢家滩福山路段发生一起交通事故，一辆接送中考学生的客车与半挂牵引车侧面刮碰，造成2人死亡、4人受伤（伤者生命体征平稳无生命危险）。经调查，客车驾驶员金某某因超速行驶且遇雨天路滑导致车辆甩尾引发事故，两名驾驶员均排除酒驾、毒驾嫌疑。6月22日，鄱阳县公安局通报，金某某已被依法刑事拘留，事故处理及相关善后工作正进一步开展。"
"Jun 22, 2025 @ 00:00:00.000","常州天目湖推光头免票活动","线下活动","2025年6月21日，常州队在“苏超”联赛中0:4不敌南京队，遭遇五连败且五轮全未进球的尴尬战绩。为缓解球迷失落情绪，常州天目湖景区推出“光头免票”活动，从6月22日至8月31日，所有光头游客（无性别、年龄限制）在山水园和南山竹海游玩可免门票，宣传语“0蛋不慌头球不行但头亮行”颇具幽默感。需注意的是，景区内交通仍需自费，如山水园游船、南山竹海小交通及熊猫馆缆车票等。此前景区也曾结合赛事推出过对南京、扬州市民免票等活动，此次“光头免票”因创意独特引发广泛关注，既为球迷提供轻松去处，也为景区吸引了热度。"
"Jun 22, 2025 @ 00:00:00.000","深圳副总送货被压身亡调查结果","职场","2025年6月17日，深圳市光明区政府公布2024年4月14日公交站台安装项目“4·14”事故调查报告：广东艾卓精密制造有限公司副总经理刘勇军带队卸载150公斤玻璃时，因车辆停在中间高两侧低的倾斜路面，解除固定绑带后3片玻璃失稳倾倒，形成1.8米×3.8米重压面，刘勇军站在倾倒扇形区圆心位置躲避不及被压，硬质沥青路面加剧伤害，送医两小时后抢救无效身亡。事故直接经济损失260万元，暴露出企业玻璃未固定、车辆停放违规、安全培训缺失、作业流程监管缺位等重大管理漏洞，系因供货单位未履行安全生产职责、工人违章作业导致的一般生产安全责任事故。"
"Jun 22, 2025 @ 00:00:00.000","中央明确公职人员违规吃喝标准","家庭","中央纪委近期明确公职人员违规吃喝认定标准，以“零容忍”态度整治作风顽疾。认定聚焦“人员关系、场所性质、资金来源”三大核心要素：人员关系上，接受管理服务对象、下属单位或私企主宴请（无论是否自费）均违规；场所性质上，私人会所、“一桌餐”等隐蔽封闭场所聚餐即构成违规；资金来源上，公款私用、虚列开支支付费用属“假公务真吃喝”。具体类型包括可能影响公正执行公务的宴请、超标准公务接待、违规组织或参与公款宴请、隐蔽场所吃喝等，触碰红线者将面临党纪政务处分，近期多起典型案例（如医院院长、中学校长因违规接受宴请被“双开”等）已敲响警钟。"
"Jun 21, 2025 @ 00:00:00.000","凤凰传奇天津演唱会因成员身体原因取消，主办方公布退票方案","音乐","2025年6月20日，凤凰传奇工作室宣布，因成员曾毅身体原因需遵医嘱暂停工作，原定于6月27日至29日在天津举办的「吉祥如意」2025巡回演唱会取消，原筹备中的洛阳站也暂时终止。6月21日，主办方罗盘文化公布退票方案：天津站已购票观众票款将通过官方售票渠道自动全额退款，7个工作日内返还原支付账户，此前退票产生的手续费同步返还；因演出取消产生的交通、住宿退订手续费由主办方承担，需购票人于7月11日前提交相关凭证至指定邮箱，审核通过后30个工作日内支付。曾毅近期因佩戴争议手表及过往不当言论引发舆论关注，其身体问题或与长期高强度演出及舆论压力有关。"
"Jun 21, 2025 @ 00:00:00.000","央视暂停易建联专访引发热议，相关代言品牌进入防护模式","运动","2025年6月20日，央视体育频道《篮球公园》原计划播出的易建联专访被临时取消，引发热议。易建联自2024年10月陷入“嫖娼”传闻后，长期保持沉默未回应争议，导致近20家品牌下架其代言并淡出公众视野。此次专访原被视为其复出的“官方安全认证”，却在播出时被替换为女篮、三人篮球等内容，央视未作说明。网友猜测或因传闻再度发酵引发舆论压力，或内容未通过审核；球迷态度分化，有认为其成就不应被丑闻掩盖，也有质疑沉默等同于默认。部分代言品牌如徐福记、德邦快递等已悄然删除相关代言内容进入防护模式，易建联未来能否重回主流平台仍存疑。"
"Jun 21, 2025 @ 00:00:00.000","杨梅季健康提示：糖尿病患者需控制摄入量，五类人群慎食","美食","杨梅季来临，糖尿病患者可适量食用杨梅。杨梅升糖指数较低，富含钙、磷、铁等矿物质，但需严格控制摄入量，一般建议每次不超过100克，每日总量不超过300克，同时减少主食量以避免血糖波动。食用时间应选择两餐之间（如上午10点、下午3点），避免饭后立即食用导致血糖骤升。需注意，患者需在血糖控制稳定（空腹约7mmol/L，餐后2小时约10mmol/L）时食用，并监测血糖变化；若并发溃疡等消化道疾病则应慎食，且避免选择加糖或蜜饯的加工杨梅。"
"Jun 21, 2025 @ 00:00:00.000","重庆遭遇强降雨致地下车库被淹，四人失联后成功获救","大自然","2025年6月20日傍晚，重庆遭遇强降雨，某小区地下车库因排水不畅瞬间被淹，4位业主失联。现场水流浑浊上涨，有人弃车逃生、有人被困电梯，黑暗中求救声与水流声交织，消防员蹚齐腰深水打手电搜寻，至深夜1人获救，其余3人仍在紧张救援中。此次事件暴露地下空间安全隐患，暴雨前是否预警、排水系统设计维护是否到位等问题引发关注，极端天气频发下，地下车库""重建设轻管理""的漏洞亟待补上，避免生命安全再成""赌局""。"
"Jun 21, 2025 @ 00:00:00.000","扬州8岁女童持续呕吐活虫，病因竟是卫生间常见飞蛾","家居","扬州一名8岁女童近一个月反复呕吐活虫（约1厘米长），家长辗转多家医院治疗无果，常规驱虫药无效。近日至扬州市妇女儿童医院就诊，经多学科专家联合诊断并与疾控部门协作，最终确诊为毛蠓幼虫感染，元凶是家中卫生间常见的黑色小飞蛾（俗称蛾蚋）。专家提醒，梅雨季节湿热环境易滋生此类飞蛾，需注意家庭卫生，特别是下水道清洁维护，避免幼虫污染水源导致误食。"
"Jun 21, 2025 @ 00:00:00.000","重庆出租车司机因口角驾车顶撞他人被刑事拘留","日常琐事","2025年6月21日凌晨3时许，重庆江北区北城天街单行道上，35岁出租车司机杨某与34岁小货车司机陈某因停车卸货问题发生矛盾，双方激烈争吵。过程中，陈某在杨某车前拍打引擎盖，杨某驾车顶撞致其左脚轻微擦伤。目前，杨某已被公安机关依法采取刑事强制措施，案件正进一步侦办中。"
"Jun 21, 2025 @ 00:00:00.000","中国留英博士生涉嫌迷奸多人被判无期徒刑，受害或达60人","两性情感","28岁中国留英博士邹某豪因长期实施性侵被判终身监禁，最低刑期24年。邹某豪2017年赴英留学，2019年入读伦敦大学学院机械工程博士，期间通过社交平台诱骗女性，以喝酒、学习为由邀请至其公寓，灌酒下药后实施强奸，并拍摄性侵视频、留存受害者物品作为“纪念品”。案件涉及中英两国，法院已认定其至少强奸10人，警方查获微型摄像头、毒品及58段性侵视频，推测受害者可能达50至60人，目前已有24名新受害者报案将追加起诉。邹某豪曾请求以化学阉割减刑被拒，法官称其利用“高知面具”掩盖罪行，将受害者视为“性玩具”，判决系英国对性犯罪最严惩罚，部分受害者发声呼吁更多人报案，检察官感谢勇敢作证的女性。"
"Jun 21, 2025 @ 00:00:00.000","湖南湘阴县人民医院前院长坠楼身亡，家属称因身体疾病困扰","职场","6月19日上午9点20分，湖南湘阴县人民医院前院长、县总医院原院长鲁国庆从自家小区12栋跑到17栋坠楼身亡，终年55岁。家属和同事证实其系“身体原因”跳楼，生前留有遗书，坦言因长期身体痛苦、抑郁失眠（每天仅睡一两小时）选择结束生命。鲁国庆患有抑郁症但未按时服药，同时患多囊肾（肾脏基本失能，达尿毒症指标），他在医院检查后删除CT原始资料，仅放射科主任知情，或因优秀不愿暴露脆弱。其家庭幸福，妻子曾为手术室护士长（有乳腺癌手术史），儿子名牌大学毕业后在金融机构工作，生前工作兢兢业业、勤俭节约，不存在外界传言的被纪委调查情况。"
"Jun 20, 2025 @ 00:00:00.000","凤凰传奇因成员身体原因取消天津巡回演唱会","音乐","2025年6月20日，凤凰传奇工作室发布消息称，因成员曾毅身体原因需暂停工作休养，原定于6月27日至29日在天津举办的「吉祥如意」2025巡回演唱会遗憾取消。工作室表示此次决定是因医生评估曾毅目前不适合高强度演出，为保障健康和演出质量而慎重做出。凤凰传奇全球后援会也发文感谢歌迷理解与支持，称期待未来更好相见。目前，购票平台将尽快公布退票补偿方案，妥善处理善后事宜。消息一出引发歌迷关注，尽管失落但多数表示理解健康优先。"
"Jun 20, 2025 @ 00:00:00.000","金世佳通过上戏博士研究生拟录取","影视","6月20日，上海戏剧学院公布2025年博士研究生拟录取名单，演员金世佳成功被表导演创作研究方向专业学位博士录取，其初试业务一94.34分、业务二90分，面试94.5分，总成绩278.84分，并通过同等学力加试；而一同进入复试的演员黄晓明报考艺术管理/戏剧策划专业，因未突围未能上榜，他表示“明年再战”。金世佳本科毕业于上戏，后赴日本大阪艺术大学攻读硕士，此次考博提交的《戏剧表演中的沉默美学》论文超8万字，展现学术深耕决心。明星考博近年成趋势，此次结果引发关注，无论成败，追求学术的精神均获肯定。"
"Jun 20, 2025 @ 00:00:00.000","黄晓明回应上海戏剧学院考博落榜","娱乐圈","2025年6月20日，上海戏剧学院公布博士研究生拟录取名单，演员黄晓明报考的“艺术管理/戏剧策划”专业未显示其名字，遗憾落榜。此前他与金世佳一同进入复试，最终金世佳以278.84分被表导演创作方向录取。面对结果，黄晓明坦然回应“明年再战”。此次考博是他继2006年研究生考试落榜后再次挑战学术领域，尽管未成功，但其积极态度和对学术的执着赢得关注。上戏强调考生一视同仁，黄晓明报考的专业仅录取一人，竞争激烈，而他“不服输”的精神为公众人物跨界深造提供了范例。"
"Jun 20, 2025 @ 00:00:00.000","李康生就偷海胆事件公开道歉并和解","娱乐圈","57岁金马影帝李康生近日因偷海胆事件引发关注。5月22日凌晨，他与朋友许某闯入新北市一海胆养殖场，许某持手电筒照明，李康生用网捕捞海胆，被业者发现报警，警方到场时两人已将两颗价值约新台币500元的海胆丢回池中，以窃盗罪嫌送办，后经检察官复讯请回继续调查。6月16日，李康生公开致歉，称因浮潜避风浪误闯自认为废弃的养殖池，捡海胆想表现，后知是养殖池，已与业者和解并成朋友。事件引发公众热议，部分质疑“误闯”解释，认为公众人物应更自律，法律面前人人平等。"
"Jun 20, 2025 @ 00:00:00.000","国乒教练王皓考编成绩排名第一","职场","2025年6月20日，北京市先农坛体育运动技术学校公布2025年公开招聘乒乓球队教练员面试及总成绩排名，国乒教练王皓以笔试70分、实操97.8分、综合83.9分的成绩位列第一，顺利进入体检、考察环节。此前国乒运动员王楚钦也曾成功考编进入该校，显示国乒教练员选拔的规范性。王皓的成绩体现其扎实的理论基础与卓越实操能力，虽引发部分关于其考编必要性的讨论，但整体认可其通过正规流程取得的成绩。"
"Jun 20, 2025 @ 00:00:00.000","铁路部门扩大高铁宠物托运服务试点范围","科技数码","自2025年4月8日起，铁路部门在京沪高铁北京南、济南西、南京南、上海虹桥、杭州东5座车站间的10趟列车上试点高铁宠物托运服务，实行“隔离运输、人宠分开、专人看护”模式。使用自带空气循环、温湿度监测、降噪除味等功能的专用运输箱，宠物全程存放于快运柜内，与旅客乘车空间隔离；工作人员定时巡视检查，间隔不超2小时，适时添加饮用水，托运人不可探视。旅客可通过铁路12306提前2天线上预约，托运单只体重不超15公斤、肩高不超40厘米的健康猫犬，需携带身份证及有效期内的《动物检疫合格证明》办理手续，人宠同车同到。未来将总结经验，逐步推广至合肥等更多城市。"
"Jun 20, 2025 @ 00:00:00.000","成都火车北站改建工程完成关键节点施工","家居","6月20日早上6点，成都站（火车北站）经过8.5小时、2000余人的南北站场交替施工圆满完成，标志着改建工程整体过半，施工由南半场转入北半场，为车站及成渝中线按期开通奠定基础。成都站作为国家“八纵八横”高铁网重要节点，改造通过拆除扩建、南北交替作业推进，建成后将实现城际高铁、市域快铁、地铁及公交“零换乘”，成为成渝地区双城经济圈“1小时通勤圈”核心枢纽。"
"Jun 20, 2025 @ 00:00:00.000","多所高校放宽中医学类专业选科要求","阅读","近期，全国多所高校调整2025年中医学类专业招生政策，将此前“物理+化学双选”的选科要求放宽至“不限选考科目”，正式向文科生（历史类考生）开放。重庆中医药学院率先调整，其中医学、针灸推拿学等五个核心专业首次面向文科生招生；湖南中医药大学、北京中医药大学、广州中医药大学等10余所高校紧随其后，同步放宽选考限制，部分院校在“3+1+2”高考改革省份实行物理/历史兼收、再选科目不限。多数高校再选科目要求“化学或生物”，仅少数要求“化学且生物”，而中西医临床医学专业大多仍保持“物理+化学”要求。这一调整打破学科壁垒，为文科生报考中医类专业提供了新路径。"
"Jun 20, 2025 @ 00:00:00.000","印尼科莫多岛中国女游客未穿救生衣溺亡","旅行","2025年6月18日，一名32岁中国女游客邱燕（音译）在印度尼西亚科莫多国家公园的长滩（知名粉红沙滩之一）不幸溺亡。邱燕与10名外国游客17日抵达当地，计划进行三天两夜旅行。事发前导游已提示穿戴救生衣，但她表示先拍照稍后再穿，后在拍照时被强流卷走，于距离海岸约30米海域被发现昏迷。导游及救援人员对其进行两次心肺复苏后送医，但因肺部吸入大量海水抢救无效死亡。遗体于当日上午11:50左右由联合搜救队转移至科莫多纳闽巴霍医院。"
"Jun 20, 2025 @ 00:00:00.000","湖南遭遇历史最大洪水民众互助救援","大自然","近日，湖南省遭遇持续强降雨，多地降雨破历史极值，澧水形成2025年第1号洪水，桑植县等站点出现超保证水位或超历史水位洪水，178至232座水库溢洪。长沙、湘潭、益阳、张家界等地受灾严重，低洼房屋被淹至一层，街道成河，车辆被冲，电力通信中断，农田淹没，部分村民紧急撤离，生活物资紧缺。湖南启动防汛应急响应（部分地区提升至一级），调派消防、武警、民间救援队等多方力量，冲锋舟、橡皮艇穿梭救援，挨家挨户排查，转移群众超2.8万人，桑植县转移近5000人并安置2700人。救援中，消防队员背出80岁被困老人等温情场景不断上演，村民也自发用木板搭桥、拉绳互助，目前救援仍在紧张进行，未来三天部分地区仍有暴雨需加强防范。"
"Jun 20, 2025 @ 00:00:00.000","毕业生反映高校毕业证印刷错误事件","生活方式","近日，湖南财政经济学院部分毕业生反映毕业证出现印刷错误，“准予毕业”被误印为“准予结业”。6月18日，有学生在社交平台晒出错误证书照片，称已到高铁站才发现问题需返校更换。校方当日下午发现问题后连夜启动应急措施，重新印刷正确证书，19日上午新证书已下发各学院，通过辅导员通知学生领取或邮寄。校方解释，错误系印刷厂对接名单疏漏或模板使用错误导致，并非全部证书出错（部分班级证书正确），且学位证未受影响。同时强调学信网信息无误，不会影响毕业及后续工作，后续将调查责任。"
"Jun 20, 2025 @ 00:00:00.000","醉酒男子电梯内撕扯女孩头发被警方控制","日常琐事","2025年6月19日晚，长沙浏阳一男子发视频称其女儿在小区电梯内遭一醉酒男子扭打撕扯头发，家长看到监控后彻夜难眠并报警，醉酒男子随后被警方带走。6月20日，小区物业透露该男子系来小区一业主家喝酒；浏阳经开区公安分局确认醉酒男子已被控制；经开区管委会关注到舆情并将线索移交警方，初步核实此事为治安案件，目前警方正在处置中。"
"Jun 20, 2025 @ 00:00:00.000","英语老师自发驾驶橡皮艇参与洪水救援","价值观","广东怀集一位英语老师邓先生，同时也是钓鱼爱好者，因钓鱼需求自费购买了橡皮艇，近年当地洪水多发，他便自发驾驶橡皮艇参与救援。2025年6月17日晚至18日凌晨，他投入救援，协助转运盲人按摩店的视障人士，帮助一位坚持去照顾中风爷爷的00后小伙。因自家一楼被淹，他借住朋友家，18日朋友家一楼也被淹后，他仍继续为邻居提供帮助，称“遇到了，能帮就多帮帮”。"
"Jun 19, 2025 @ 00:00:00.000","海南万宁发现两头搁浅海豚，多方紧急救助","大自然","6月18日，海南万宁神州半岛附近海域岸边先后发现两头点斑原海豚搁浅，多方力量紧急救助。当日12时20分，一头海豚在浅水区徘徊后于12时47分搁浅，万宁蓝天救援队迅速将其抱上岸，搭建遮阳棚并浇水保湿；四小时后，另一头更小的点斑原海豚在数公里外海滩被发现，尾鳍无力、生命迹象微弱，民警与渔政人员用担架转移。经测量，两头海豚体长约2米及稍小，推测属同一族群（因冲浪爱好者清晨见双豚伴游）。目前两头海豚已送南海水产研究所，因无法正浮、会侧翻，已制作助游浮具并安排志愿者24小时陪护，后续将通过血检、胃镜、B超等检查确定健康状况及搁浅原因。"
"Jun 19, 2025 @ 00:00:00.000","广东怀集遭遇历史最大洪水，超万名人员抢险","大自然","受台风“蝴蝶”及高空槽、季风影响，广东怀集县6月14日至17日遭遇持续强降雨，18日绥江怀集站出现55.22米洪峰水位（超警戒5.22米），达超百年一遇标准，为建站以来最大洪水，致县城过半路段水浸。全县19个乡镇受灾，截至18日7时，受灾人口18.3万人（后续更新约30万人），紧急转移6.8万人，15人受伤（均无生命危险）；堤防、公路、农田及公共设施受损严重，直接经济损失初期统计约4125.71万元（后更新约16亿元）。怀集县17日19时启动防汛Ⅰ级应急响应，实施“五停”措施，省、市、县、镇、村五级超万名抢险救援人员集结，调度冲锋舟、挖机等500余台（套）装备开展救援，目前水位已回落至53.67米（仍超警戒），救援及灾后处置持续进行。"
"Jun 19, 2025 @ 00:00:00.000","淮安队主帅董松正装指挥走红网络","运动","近日，“苏超”淮安队主教练董松因在高温天身着正装场边霸气指挥走红网络，获封“撒贝宁淮安分宁”称号。董松回应称，他尊重比赛和对手，大家开心最重要，若球迷喜欢可场场穿正装。他表示，网络上关于“苏超”的“梗”让他兴奋，认为中国足球需要展现好的一面，春天或将到来。董松曾为江苏青年队后卫，与李昂等国脚是队友，退役后任江苏梯队教练，拥有亚足联A级资质，其正装指挥体现职业态度，既激励球员又提升联赛形象，球迷期待其带领淮安队取得更好成绩。"
"Jun 19, 2025 @ 00:00:00.000","刘国梁出任联合国运动会大使","运动","2025年6月12日，国际乒联副主席刘国梁正式就任首位驻纽约使团联合国运动会亲善大使，在纽约联合国总部接受聘书并发表演讲，强调通过乒乓球促进和平、友谊与文化交流。此前，他于5月13日线上出席联合国第二届运动会闭幕式，受邀担任大使并鼓励更多人参与乒乓球运动。履新期间，刘国梁与800余名小选手互动，指导球技并鼓励青少年坚持体育梦想。作为中国首位男子大满贯选手、曾任中国乒协主席（4月已辞任），其新身份被视为中国体育外交里程碑，延续“乒乓外交”精神，推动全球乒乓球发展及国际交流。"
"Jun 19, 2025 @ 00:00:00.000","湖人队百亿美元出售引发篮球界关注","运动","2025年6月19日，洛杉矶湖人队以100亿美元天价完成出售，创全球职业体育球队交易新纪录，打破此前凯尔特人保持的61亿美元北美四大联盟纪录。交易由巴斯家族将约85%股权售予TWG Global的CEO马克·沃尔特（其曾参与收购切尔西，现持有道奇、火花队），巴斯家族保留15%股份，珍妮·巴斯继续担任董事会代表掌管运营。自1979年老巴斯以6750万美元购入湖人，历经46年市值飙升约147倍，此次交易被视为商业与体育结合的传奇。湖人名宿魔术师约翰逊此前便预判湖人价值可达百亿，新老板的资本注入与管理经验令球迷对球队未来既期待又关注传统延续。"
"Jun 19, 2025 @ 00:00:00.000","专家解析昆仑石刻'秦始皇采药'疑为伪造","艺术","近日，“青海黄河源发现秦始皇遣使‘采药昆仑’石刻”引发学界激烈争议。中国社科院考古所研究员仝涛6月8日在《光明日报》发文称，扎陵湖北岸发现的37字秦小篆摩崖石刻，内容为秦始皇廿六年派五大夫翳率方士采药昆仑，三月己卯抵达此地，认为其解决了“昆仑”“河源”地望问题并补全文献缺失。但质疑声迅速涌现：北大辛德勇直指“高度怀疑今人伪刻”；西北大学曲安京指出秦历廿六年三月无“己卯日”；刘宗迪质疑寒冬采药合理性；刘钊认为文字有秦汉特征但难断定真伪。此外，2020年青海师大侯光良团队已发现此石刻，认为可能是元、清遗迹，人大韩建业认可此观点。目前青海文保部门已表示将派专家实地调查，真相仍待进一步验证。"
"Jun 19, 2025 @ 00:00:00.000","海南万宁成功救助搁浅海豚","宠物","6月18日，海南万宁神州半岛附近海域岸边先后发现两头点斑原海豚搁浅，多方力量紧急救助。当天12时20分，一头体长约2米的海豚在浅水区徘徊后搁浅，万宁蓝天救援队迅速将其抱上岸并搭建遮阳棚、浇水保湿；四小时后，另一头稍小的点斑原海豚在数公里外海滩被发现，民警与渔政人员用担架转移。据推测两头海豚或属同一族群，目前已送往南海水产研究所救助，因无法正浮、会侧翻，已制作助游浮具并安排志愿者24小时陪护，后续将通过血检、胃镜、B超等全面检查健康状况及搁浅原因。"
"Jun 19, 2025 @ 00:00:00.000","四川男子三次潜入母校盗窃2900元被捕","职场","25岁四川广元剑阁男子唐某因游手好闲无生活来源，利用自己曾是某中学毕业生、熟悉校内环境的“优势”，于2024年12月、2025年3月及5月三次深夜翻越围栏潜入母校，翻找学生课桌、书包实施盗窃，累计盗得2900元。近日该校教师报警后，警方通过监控锁定身着黑色外套、戴鸭舌帽及防晒面罩的嫌疑人，经走访核查在普安一网吧将其抓获。目前唐某已被公安机关采取刑事强制措施。"
"Jun 19, 2025 @ 00:00:00.000","原华金证券高管西藏跑山失联10天","职场","原华金证券首席财富官刘明军因报名参加西藏林芝越野赛事，为提前适应高海拔，6月9日上午自行前往波密进墨脱隧道左侧山坡进行赛前练习，按计划当晚9点由司机在约定地点接他，结果司机未等到人，6月10日报警。截至6月19日，刘明军已失联10天。刘明军50岁，上海金融从业者，家中有两个未成年儿子，体能较好但高度近视（无眼镜几乎寸步难行），出发前曾被推荐“只有当地人知道的地方”。家属发布寻人启事，悬赏10万元（由同事朋友筹集），寻求有高海拔救援经验的救援队或能提供其现场清晰照片/视频的个人/团队帮助寻找，悬赏有效期至6月30日。目前当地警方仍在开展搜救，但暂未找到。"
"Jun 19, 2025 @ 00:00:00.000","湖北男子称遭交警殴打致九根肋骨骨折","职场","2024年8月19日晚，湖北孝感市民曾先生因无证驾驶摩托车被云梦交警大队义堂中队查处，他称因辱骂交警遭多名交警殴打，导致9根肋骨骨折（十级伤残），认为属刑事案件但云梦县公安局未立案。曾先生承认自己有错（无证驾驶、辱骂交警），但坚持被暴力对待。6月18日，警方回应称执法记录仪未显示殴打，不满足立案条件，承认其在执法中受伤，愿以社会救助名义给予14万元赔偿，案件仍在侦办中。曾先生质疑赔偿难以弥补伤害，希望公正调查，事件引发社会关注，呼吁加强执法监督。"
"Jun 19, 2025 @ 00:00:00.000","被拐女子通过基因检测找到贵州亲属","家庭","约30岁的宝妹自幼被拐，二十多年来辗转河南、浙江、江苏等地流浪，无户口、身份证，靠捡垃圾、打零工为生，曾睡桥洞、偷吃玉米，经历诸多辛酸。在宝贝回家志愿者帮助下，她今年5月采血寻亲，并通过“23魔方”基因检测确认100%为苗族，祖籍贵州毕节织金县官寨乡。检测还显示，她与同样被拐的贵州织金县官寨乡女子杨妞花存在远房血缘关系，推测120-200年前有共同祖先。6月17日，杨妞花到南通看望姐姐时与宝妹见面，两人长相相似（双眼皮、长眼角），听宝妹讲述流浪经历，杨妞花红了眼眶，直言“她比我更苦”。目前宝妹仍期待找到父母、大姐及当年一同被拐的奶奶、二姐，也希望解决户口问题，能正常生活。"
"Jun 19, 2025 @ 00:00:00.000","广东怀集全民动员抗击特大洪灾","线下活动","受台风“蝴蝶”及高空槽、季风影响，广东怀集遭遇持续性强降雨，绥江怀集站6月18日7时05分出现55.22米洪峰水位，超警戒水位5.22米，创建站以来历史最高纪录，属超百年一遇特大洪灾。全县19个乡镇18.3万人受灾，紧急转移6.8万人，堤防、公路、农作物等受损严重，直接经济损失约4125万元。县城超半数路段积水最深达3米，断电断网，市民出行及物资运送依赖冲锋舟。当地17日19时启动防汛Ⅰ级应急响应，实行“五停”（停课、停工、停产、停运、停业），超万名抢险人员及500多台装备投入救援，转移群众、清理淤泥，部分路段已恢复通行，目前暂无人员伤亡报告。"
"Jun 19, 2025 @ 00:00:00.000","韦东奕食堂就餐遭围观拍摄引热议","娱乐圈","近日，北大“韦神”韦东奕在学校食堂就餐时遭多名路人围观拍摄引发热议。画面中，围观者凑至其身边拍照、合影，甚至有人紧贴其身，韦东奕则低头专注吃饭未予理会。此前韦东奕已明确表示不想再回应，舆论已对其产生影响。北京大学数学科学学院、北京国际数学研究中心负责人呼吁共同保护学者治学的宁静环境，让其专心教学科研。网友批评围观行为缺乏边界感，媒体指出过度神化和打扰优秀学者是对知识的消费，与尊重知识相悖，呼吁给予学者基本尊重与隐私空间。"
"Jun 19, 2025 @ 00:00:00.000","2026QS世界大学排名公布，中国11校进百强","阅读","2026QS世界大学排名于6月19日发布，全球106个国家和地区的1500多所高校参与，麻省理工学院连续第14年居首。中国高校表现亮眼，共有11所进入全球前100，分别为香港大学、北京大学、清华大学、复旦大学、香港中文大学、香港科技大学、上海交通大学、浙江大学、香港理工大学、香港城市大学、台湾大学。其中，香港大学位列第11名（中国高校第一），北京大学第14名（内地第一），清华大学第17名（与加州大学伯克利分校并列），复旦大学第30名，上海交通大学第47名，浙江大学第49名，均闯入全球Top50。此外，约45%的中国内地大学排名较去年提升，延续了近年国际排名攀升的趋势。"
"Jun 19, 2025 @ 00:00:00.000","整治违规吃喝被指存在层层加码现象","价值观","近期各地推进违规吃喝专项整治，旨在纠治权力寻租、公款滥用等不正之风，但个别地方出现“层层加码”现象，将“禁止违规吃喝”简单等同于“禁止吃喝”，如对聚餐过度审查、限制宴请，甚至自费请两三好友小聚也被视作违规，导致党员干部吃饭战战兢兢，商家客流减少、民生烟火气受损，还影响餐饮从业者收入及供应链循环。人民网等官媒指出，这种行为是对政策的误读和懒政，属形式主义变种。整治应精准施策，明确“红线”（公款奢靡宴请、利益勾兑）与“绿灯”（自费家宴、合规商务餐叙），既严打腐败，又保障正常餐饮需求，守护民生温度。"
"Jun 18, 2025 @ 00:00:00.000","黑魔仙小月扮演者曝文旅项目欠资纠纷","影视","近日，《巴啦啦小魔仙》“黑魔仙小月”扮演者周娇因文旅项目欠资纠纷引发关注。周娇称，她与丈夫的公司连续两年参与吉林靖宇县“雪谷市集松花江上过大年”文旅项目，负责铁锅炖餐饮服务（包括为7000人次马拉松人员供餐），却被合作方吉林中佰文化投资有限公司拖欠36万元款项，时间长达505天。团队曾在零下30℃环境中工作17天，仅收到部分现金及温泉卡抵扣，对方以“未拨款”“账上没钱”等理由拖延，甚至提出非现金抵债。周娇6月17日发视频公开讨债后删除，靖宇县文旅局回应称已督促中佰公司于6月18日还款，中佰承认欠债并承诺兑现。"
"Jun 18, 2025 @ 00:00:00.000","旅行博主江小隐拍摄时意外溺水身亡","影视","2025年6月17日，20万粉丝旅游博主江小隐（曾用网名“皖南小锅锅”）的社交账号发布讣告，称其6月16日下午在安徽宣城泾县水墨汀溪景区拍摄时不幸溺水身亡。事发时，江小隐与两名女性、一名男性同行，除其遇难外，一名女性仍昏迷。据了解，江小隐因无人机落水下水打捞，期间上游发电站因前几日大雨需泄洪突然放水，水流湍急致其被冲走失救。景区回应称事发于下午5点多（已下班），属开放县道，江小隐系自行踩点拍摄，景区已设“水深危险”警示牌并配合警方调查，正与家属协商后续事宜。江小隐是家中独子，育有7岁儿子，妻子已从合肥赶往事发地，家属悲痛不已。"
"Jun 18, 2025 @ 00:00:00.000","T3出行司机猥亵乘客遭永久封禁","职场","6月12日，哈尔滨赵女士乘坐T3网约车时遭司机宋某某猥亵，司机以擦拭为由拔摄像头后持续触碰其大腿、臀部等部位，赵女士因恐惧未当场反抗，下车后报警。警方调取监控确认事实，对司机行政拘留5日。T3出行接到投诉后当日启动安全工作组，永久封禁司机账号，配合调查并致歉，提出3000元补偿方案但未谈妥，乘客要求提升额度，目前仍在协商。平台还向哈尔滨交通部门提议对该司机行业封号，并强调乘客号码为虚拟号，司机无法获取真实信息避免报复。赵女士称近期失眠焦虑，正寻求法律帮助，还提到15日乘T3时遇另一司机车内看不雅视频。"
"Jun 18, 2025 @ 00:00:00.000","李雪琴公司被前股东举报财务问题","职场","6月17日深夜，李雪琴前合伙人谢田飞（曾为北京十斤文化传媒有限公司股东，李雪琴段子中“老板”）实名举报该公司财务问题。其称与李雪琴因《股权代持协议》纠纷在朝阳区法院第二次一审开庭，庭审中李雪琴方提交的公司清算报告显示剩余资产1100余万元，按协议谢应得330余万，但实际仅收到140万，约190万未分配。谢质疑子公司账务异常，包括低价售车给李雪琴父母、大笔转账给无关个人及已注销财务公司等，但法院未支持本次起诉查询子公司账务，需另案起诉。北京十斤文化传媒已于2022年6月注销，李雪琴2021年曾将90%股权转让给母亲实控企业，目前李雪琴方暂无回应。"
"Jun 18, 2025 @ 00:00:00.000","东风汽车原高管唐腾涉嫌违纪被查","职场","2025年6月18日，据中央纪委国家监委驻东风汽车集团有限公司纪检监察组、湖北省纪委监委消息，东风汽车集团有限公司原战略规划部副总经理兼战略发展研究中心总经理唐腾涉嫌严重违纪违法，目前正接受中央纪委国家监委驻东风汽车集团有限公司纪检监察组和湖北省十堰市监委纪律审查和监察调查。唐腾为东风汽车资深员工，毕业于武汉工学院（现武汉理工大学），1984年加入东风汽车，曾在底盘零件厂、神龙汽车等部门任职，历任东风标致项目负责人、神龙公司战略规划部部长等职，后调任东风汽车集团战略规划部副总经理兼战略发展研究中心总经理多年。"
"Jun 18, 2025 @ 00:00:00.000","江苏一医院因负债解聘全体员工","职场","2025年6月，江苏泗洪老年病医院因负债4400万元（含2024年底3990万债务及2025年前四月工资、社保等费用）发布全员解聘通知，称收入无法覆盖运营成本，决定立即解除全体约200名员工劳动合同，此前已拖欠数月工资且社保未足额缴纳。通知引发震动，部分员工离职，其余向人社部门求助。值得注意的是，医院目前仍在营业，微信公众号也在更新，引发对解聘真实意图的质疑。当地人社局仲裁院已介入调查，卫健局称不清楚此事，民政局确认其为民办非企业单位未注销。法律层面，医院未按《劳动合同法》规定的经济性裁员程序操作，直接全员解聘且无明确补偿方案，存在程序不合法问题。"
"Jun 18, 2025 @ 00:00:00.000","哈尔滨女大学生乘网约车遭司机猥亵","两性情感","2025年6月12日，黑龙江哈尔滨一名大三女生赵女士因实习租住在民生尚都小区，乘坐T3出行网约车时遭司机猥亵。司机上车后拔掉车内摄像头，持续两小时触摸其腿部、臀部等敏感部位，赵女士因恐惧未敢反抗。下车后她报警，涉事司机宋某某被警方行政拘留5日。调查发现，司机与赵女士同住一个小区，赵女士因此担心报复，已被诊断为重度焦虑抑郁。事后T3出行平台提出赔偿3000元，但要求签署保密协议禁止透露事件详情或向司机索赔，赵女士拒绝并将继续通过法律途径维权。"
"Jun 18, 2025 @ 00:00:00.000","奔驰计划在华推出超长续航混动车型","科技数码","近日网传奔驰计划为中国市场推出一款大电池插电混动车型，项目已获方向性通过且预研启动，新车倾向油电同驱、超长续航定位。但奔驰中国官方回应“相关信息不属实”。背景方面，2025年一季度奔驰全球及中国市场销量下滑，其在华现有插混车型（如GLC插混仅115km纯电续航）因续航和价格劣势，受国产增程车型（如理想L7纯电续航286km、综合续航1421km且售价更低）冲击明显。此前奔驰2023年曾尝试增程技术提升EQS续航，但因成本和可持续性问题于2024年初中断研发。研究发现中国用户更关注低能耗、长续航等体验，故奔驰或借自身发动机优势转向油电同驱插混路线，以应对市场竞争。"
"Jun 18, 2025 @ 00:00:00.000","刘晓庆因税务纠纷被合作方起诉","娱乐圈","近日，深圳市民王某因税务纠纷起诉刘晓庆，深圳市福田区人民法院已公告送达相关法律文书，案件定于9月12日开庭。今年4月，王某实名举报刘晓庆通过名下无实际经营的上海弈熙文化传媒中心，将330万元借款转为“形象代言费”，以6%增值税发票规避27%以上个人所得税，涉嫌虚开发票逃税，上海市税务局第四稽查局已受理调查。5月刘晓庆发布声明否认，称与王某无交集、举报不实；王某则表示涉事金额不止330万，将继续诉讼。值得关注的是，2002年刘晓庆曾因公司偷税被羁押422天，此次举报还提及她在上海有多次补税记录，被指“多次违法”。目前双方各执一词，案件结果待开庭后揭晓。"
"Jun 18, 2025 @ 00:00:00.000","韩国前总统夫人金建希抑郁住院","娱乐圈","韩国前总统尹锡悦夫人金建希因严重抑郁症于6月16日下午3时30分（当地时间）紧急入住首尔峨山医院精神科。此前她上周已在该院精神科门诊治疗，当时医生判断症状严重建议住院但被拒，此次因病情加剧入院，初期出现过度换气症状并接受呼吸内科诊疗。尹锡悦16日完成自身庭审后，当晚前往医院陪伴金建希后离开。目前金建希正面临特别检察官调查，涉及操纵股价等16项指控，其律师称住院系“旧病复发”，医院则以保护隐私为由未公开具体病名。"
"Jun 17, 2025 @ 00:00:00.000","陈哲远出席活动被搂抱引争议，资生堂回应正在核实","影视","6月16日，演员陈哲远在西安资生堂线下活动合影环节中，被一名身着柜姐服装的女士突然搂抱约两秒，致其表情错愕、身体僵硬，随后被工作人员拉开。此举引发粉丝强烈不满，认为行为越界甚至构成性骚扰。涉事柜姐事后通过小红书致歉，称自己是陈哲远“多年粉丝”，因激动失控未顾及其尚在康复期的身体状况（1月锁骨骨折），已被公司批评教育并愿担责，但有网友质疑其“多年粉丝”身份（其6月9日曾自称成为粉丝第四天）。资生堂客服表示正核实情况，赛格购物中心称已反馈品牌方处理。事件引发对明星与粉丝边界、职业素养的讨论，网友呼吁正视男性艺人安全边界。"
"Jun 17, 2025 @ 00:00:00.000","白岩松踢球摔倒引关注，网友呼吁注意安全","影视","近日，白岩松参与山西晋城举办的摇滚明星足球队友谊赛引发关注。赛场上，他以球员身份带球突入禁区，与前中国女足门将赵丽娜守门形成精彩对峙，现场数千球迷呐喊助威。尽管参考内容未明确提及摔倒细节，但该跨界足球互动仍成为热议话题，网友在关注比赛精彩瞬间的同时，纷纷留言提醒白岩松注意安全，体现对其健康的关心。"
"Jun 17, 2025 @ 00:00:00.000","罗马仕召回49万台充电宝，存燃烧风险","科技数码","深圳罗马仕科技有限公司于6月16日宣布，即日起召回2023年6月5日至2024年7月31日期间制造的部分罗马仕ROMOSS牌移动电源，涉及PAC20-272、PAC20-392、PLT20A-152三款型号，共计491745台。召回原因为部分电芯原材料来料问题，极少数产品使用中可能过热，极端场景下存在燃烧风险。消费者可通过核对产品标签上的型号、生产批次及日期确认是否在召回范围，公司将提供免费更换同价值新品或退货退款服务。此前，北京多所高校禁用罗马仕充电宝事件曾引发关注。"
"Jun 17, 2025 @ 00:00:00.000","深圳地铁11号线故障停运，官方致歉并排查","科技数码","6月17日早高峰期间，深圳地铁11号线突发故障造成列车延误，部分乘客反映听到巨响、列车临时停车约二十分钟，网络还出现“碧海湾地铁站爆炸冒烟”等不实传言。深圳地铁先后发布多条公告：8时45分称预计延误超20分钟并致歉；9时07分提示乘客换乘；9时20分宣布故障处理完毕、已有序恢复运行并再次致歉。随后官方辟谣称，列车异响系电器故障导致，故障列车已推至存车线，目前运行正恢复中。此外，当前深圳全市暴雨橙色预警，提醒市民出行注意安全。"
"Jun 17, 2025 @ 00:00:00.000","NBA总决赛雷霆胜步行者，3-2夺赛点","运动","2025年6月17日，NBA总决赛天王山之战在雷霆主场展开，此前大比分2-2平的双方争夺关键赛点。最终雷霆以120-109逆转击败步行者，大比分3-2领先，率先拿到冠军点。此役雷霆双星爆发，杰伦·威廉姆斯砍下40分6篮板4助攻，亚历山大贡献31分10助攻4盖帽，多次在关键时刻得分稳住局势。步行者方面，西亚卡姆空砍28分但6次失误，当家球星哈利伯顿状态低迷，12投全失仅靠罚球得4分；替补麦康奈尔虽爆发砍下18分，仍难阻球队败势。全场步行者出现22次失误，远多于雷霆的4次，成为失利主因。"
"Jun 17, 2025 @ 00:00:00.000","亚历山大31+10率雷霆拿下天王山之战","运动","6月17日NBA总决赛第五场（天王山之战），雷霆主场120-109击败步行者，总比分3-2率先拿到冠军赛点。雷霆核心亚历山大贡献31分10助攻，杰威狂砍40分成为最大功臣；步行者西亚卡姆虽得28分但6次失误，哈利伯顿6投0中仅得4分。比赛中步行者全场22次失误（上半场10次），雷霆利用失误得15分并多次快攻得分，首节32-22领先，半场59-45扩大优势；步行者第三节缩小分差至8分，末节亚历山大关键突破、维金斯三分稳住局面，最终雷霆保住优势获胜，距总冠军仅一步之遥。"
"Jun 17, 2025 @ 00:00:00.000","韩国前第一夫人金建希论文剽窃被查实","娱乐圈","韩国前第一夫人金建希学术不端问题近日有新进展。韩国淑明女子大学6月16日宣布，已完成学术规定修订，将撤销金建希1999年获得的硕士学位。该校今年2月调查认定其硕士论文存在剽窃行为，但因原规定2015年才生效，无法适用于其1999年获得的学位，故校务委员会补充附加条款解决“时间差”问题。此外，金建希2008年在国民大学攻读博士期间的论文被曝860句中有220句未经引用复制粘贴，韩国议员已敦促国民大学撤销其博士学位，该校计划跟进。相关剽窃指控最早于2021年12月尹锡悦竞选总统时浮出，淑明女子大学2022年2月启动调查，今年2月裁定剽窃成立，金建希两次拒绝答辩，最终学位撤销程序推进。"
"Jun 17, 2025 @ 00:00:00.000","南航回应飞行员举报领导：与事实不符","娱乐圈","近日，南航飞行员李某通过个人账号实名举报公司领导，称其2009-2017年在汕头分公司期间因拒绝为领导安排娱乐活动遭报复，晋升机长时被暗示索贿，拒绝后遭技术检查不通过及停飞；调至飞行总队后，两次恢复机长资格检查被判定失败，转A320机队后还被限制训练排班、取消航班，收入锐减至月薪不足3000元且面临复训危机。6月17日，南航飞行总队发布情况说明回应，称经核实李某反映的情况与事实严重不符，指出近年已为其组织多次飞行训练、安排改装机型并协助转航司，但其资质检查屡查不过、技术能力始终不达标；多次调查未发现检查员及干部存在故意刁难，未支持其机长诉求并正式反馈，思想工作亦被拒绝，目前已按规定停止其运行。"
"Jun 17, 2025 @ 00:00:00.000","深圳某小区房屋沉降，25栋楼居民疏散","家居","2025年6月16日晚，深圳龙岗区郭屋村部分房屋出现异常沉降，当地应急管理局、住建局及属地街道迅速成立现场指挥部并启动应急预案，紧急封控沉降房屋及周边区域共25栋建筑，疏散783名住户并妥善安置，邻近的天成学校6月17日停课一天排查安全隐患。目前现场已部署50名巡查人员，设立95个监测点实施24小时监测，数据显示暂未发现新异常情况。房屋沉降具体原因仍在调查中，建筑安全、地质工程等领域专家已进驻现场开展全面安全评估，后续将结合监测结果制定科学处置方案。"
"Jun 17, 2025 @ 00:00:00.000","北京丰台法院4天破解5年欠薪案，追回70万","职场","2019年，河北农民工李某等17人在贵州某工地务工后，被北京某劳务公司以“上家未结款”为由拖欠70余万元劳务费，五年催讨无果。2025年6月，17人委托律师将劳务公司诉至北京丰台法院。法院启动“特殊群体绿色通道”，30分钟完成立案移送，当日委托调解。调解中，法官宋如超敏锐发现被告可能有异地执行案款，立即冻结该70余万元。因被告拒绝调解，法院启动涉民生案件快速通道，次日开庭并当庭宣判，要求劳务公司七日内全额支付欠薪及利息。被告当场表示不上诉并将付款。从立案到宣判仅用四天，五年讨薪困局终破，农民工成功追回血汗钱。"
"Jun 17, 2025 @ 00:00:00.000","上海发布高温黄色预警，气温超35℃","生活方式","2025年6月17日11时，上海中心气象台发布今夏首个高温黄色预警（Ⅲ级/较重），预计当日本市大部地区最高气温将超35℃，徐家汇站点中午12点气温已达34.4℃，预计最高或达36℃。需注意防暑防晒、用火用电安全，午后到夜里西北部地区可能出现短时阵雨。周三上海多云，最高气温接近35℃，天气炎热；周四起将处梅雨带边缘，湿度增大、降水增多，体感潮湿闷热。"
"Jun 17, 2025 @ 00:00:00.000","江西医院工作人员让老人下载购物APP被停岗","生活方式","2025年6月16日，有网友在社交平台发视频称江西吉安市峡江县中医院一名收费窗口工作人员使用患者（老人）手机下载某购物平台APP，影响其他患者缴费，引发热议。6月17日，峡江县中医院通报核实情况属实，已对该工作人员作出停岗处理，并扣发其一个月绩效工资，同时表示将进一步加强职工监督管理，提升服务意识，保障良好就医环境。此前有网友猜测工作人员与老人是熟人、当时无排队，但院方最终确认影响缴费的情况属实。"
"Jun 17, 2025 @ 00:00:00.000","音乐人陈彼得成都逝世，享年82岁","音乐","著名音乐人陈彼得于2025年6月14日上午9时46分在成都安详辞世，享年82岁。他是华语乐坛泰斗，集歌手、作曲家、唱片制作人于一身，代表作包括《一条路》《青玉案·元夕》《一剪梅》《阿里巴巴》等。早年作为台湾乐坛“民歌运动”奠基人，他率先引入西方摇滚元素，引领台湾流行音乐潮流；晚年深耕传统文化，将诗词与流行旋律结合，创作《成都府》等作品，并在《经典咏流传》等节目中传递文化情怀。定居成都的十年里，他常以街头弹唱传递音乐热爱，被邻居视为“隔壁爷爷”。其离世令乐坛震动，周杰伦、罗大佑等音乐人纷纷悼念，乐迷以泛黄磁带与街头弹唱缅怀这位用旋律丈量人生的“永恒追梦人”。"
"Jun 17, 2025 @ 00:00:00.000","8岁男孩网购26箱荔枝，涉虚假宣传被查","美食","2025年4月28日，山东聊城一名8岁男孩因家长未同意购买荔枝，出于“报复心理”偷偷用父母手机网购26箱“妃子笑”荔枝，花费10369元。家长次日发现后申请退款被商家拒绝，到货后却发现实际为价格低廉的“桂花香”荔枝（两者价差达8倍）。目前部分荔枝已因储存问题损坏，市场监管部门已按虚假宣传立案调查，商家提出赔付4000元但家长要求全额退款，双方尚未达成一致。此事件暴露了未成年人网络消费监管缺失（如家长支付密码管理松懈、平台风控不足）、儿童“对抗性需求满足”心理引导缺位，以及商家虚假宣传等多重问题。"
"Jun 16, 2025 @ 00:00:00.000","《哪吒之魔童闹海》海外票房将突破1亿美元创纪录","影视","截至2025年6月，《哪吒之魔童闹海》海外票房持续攀升，即将突破1亿美元创纪录。近期数据显示，俄罗斯及独联体地区累计票房破5000万人民币（次周因上座率不佳掉出前十），马来西亚累计超5200万令吉，柬埔寨累计约68.8万美元，中国香港地区累计约750万美元；此前北美票房已达2097.6万美元，叠加东南亚、欧洲等37个国家和地区的热映成绩，海外市场整体表现强劲，正朝1亿美元目标迈进。"
"Jun 16, 2025 @ 00:00:00.000","威海海边现绝美蓝眼泪景观引游客打卡","摄影","近日，威海海边因“蓝眼泪”景观引发游客打卡热潮。“蓝眼泪”是由希氏弯喉海萤等微小发光浮游生物受海浪拍打等刺激时产生的浅蓝色荧光现象，如梦似幻，如星河坠海。当前（2025年6月）正值观赏期，幸福门、猫头山观景台、金海湾栈桥附近海域出现概率较高，晚上八点左右或深夜至凌晨为最佳观测时间。需注意海边昼夜温差大，需带好外套；避免向海中扔石头刺激发光，以免误伤；夜间光线暗，需确保自身安全，勿到偏僻海域嬉水。"
"Jun 16, 2025 @ 00:00:00.000","重庆今明连续高温将达40℃","大自然","重庆今明两日将持续高温，其中6月16日白天部分地区气温可达40℃，中心城区最高39℃；6月17日大部地区气温20～39℃，中心城区28～38℃。天气以晴热为主，局地有阵雨或雷雨。此前14日重庆多地出现8级以上阵性大风，最大风速达9级（涪陵小坝村），主要因近期重庆增温快（基本35℃以上）与四川低温、北方冷空气入侵形成温差，导致气压梯度力增大所致。当前高温天气下，市民需注意防暑防晒，避免正午时段外出，外出时携带遮阳伞、防晒霜并及时补水，可选择室内景点或早晚凉爽时段活动。"
"Jun 16, 2025 @ 00:00:00.000","广东台风后仍有较强降水影响","大自然","今年第1号台风“蝴蝶”于13日登陆海南后，14日二次登陆广东雷州半岛至广西南部沿海，其带来的强降水持续至16日，为广东入汛以来最强降水过程，大部地区出现暴雨到大暴雨、局部特大暴雨（累积雨量80-120毫米，局地最大约500毫米）。北江、东江等主要河流及部分中小河流明显涨水，局地超警戒水位，需防范积涝、山洪、泥石流等次生灾害。目前广东已启动应急响应，提醒居民减少外出，关注交通和天气信息，做好防风防雨准备。"
"Jun 16, 2025 @ 00:00:00.000","送餐机器人撞伤儿童引发安全警示","科技数码","近日，潮州市湘桥区人民法院审结一起因送餐机器人撞伤儿童引发的身体权纠纷案，为智能设备在公共场所的安全应用敲响警钟。2024年3月16日，4岁儿童小贵随母亲在某餐饮店用餐时，因跑动避让不及与执行送餐任务的机器人碰撞受伤，产生医疗费用470元。餐饮店垫付部分费用并免除当日餐费后，双方因赔偿未达成一致，小贵法定代理人提起诉讼。法院审理认为，餐饮店未充分证明已尽安全保障义务，存在过错；小贵母亲作为监护人疏于管护，亦有过错。综合考量后，判决餐饮店承担小贵各项损失的50%赔偿责任。"
"Jun 16, 2025 @ 00:00:00.000","高铁车厢二氧化碳浓度引乘客嗜睡讨论","生活方式","近日，有网友在社交平台称乘坐高铁时用便携式检测仪测得车厢内二氧化碳浓度最高超5000ppm（正常开阔空间仅几百ppm），远超《中国民用建筑工程室内环境污染控制规范》等标准规定的1000ppm上限，并指出高浓度可能引发嗜睡、头痛、认知功能下降等短期不适及慢性健康风险。该网友多次测试发现，车厢CO₂浓度常快速攀升并维持高位，引发公众对高铁通风系统的关注。部分网友质疑测试设备及方法的专业性，也有声音称“二氧化碳严重超标”缺乏实证，认为高铁通风系统足以保障安全，且嗜睡可能与长途疲劳等因素有关。目前铁路官方尚未回应此事。"
"Jun 16, 2025 @ 00:00:00.000","湖南临澧花炮厂爆炸事故致人员伤亡","日常琐事","湖南临澧近年发生多起花炮厂安全事故。2024年5月31日，临澧县太浮镇湖南己禄花炮有限公司38号钻孔/安引工房发生燃烧事故，因钻孔机维护保养不到位、员工未取得特种作业操作证违规作业，导致1人死亡、1人轻伤，直接经济损失146.458万元；同年10月12日，该公司14#装药/压药工房装药时再次发生爆炸，造成1人死亡，直接经济损失152.7万元。两起事故发生后，当地政府均成立调查组，通过现场勘验、专家论证等查明原因，提出责任处理建议及防范措施。此外，2004年10月，临澧县官亭乡马路花炮厂曾发生特大爆炸事故，成品库爆炸引发三次延缓爆炸，致13人死亡、3人受伤。"
"Jun 16, 2025 @ 00:00:00.000","河南女子醉驾追尾致三死案进入公诉阶段","日常琐事","河南一起因醉驾引发的严重交通事故近日进入公诉阶段。2024年5月13日凌晨，肇事司机醉驾、超速、逆行且无证驾驶，撞上正常行驶的电动自行车，导致12岁的冉冉和14岁的小宣两名花季少女当场死亡，造成三个家庭破碎。根据法律规定，醉驾达刑事犯罪标准的，检察院将提起公诉。后续法院将依法进行案件受理审查、庭审准备、法庭调查、辩论、被告人陈述及评议宣判等程序，严格遵循法定程序确保司法公正，具体量刑将根据案件事实和法律规定判定。"
"Jun 16, 2025 @ 00:00:00.000","广汽集团承诺两个月内兑现经销商返利","职场","从6月10日起，包括广汽集团在内的17家车企先后承诺将供应商支付账期统一至60天内；同时，汽车产业链下游渠道端，宝马、北汽新能源、上汽通用、广汽新能源、广汽丰田等7家主机厂商承诺60天内向经销商支付销售奖励及返利。其中，广汽丰田对经销商的返利转为月结，当月销售的车辆次月以现金形式返利，80%至90%的返利在30天内支付，10%至20%的返利在2个月内支付。"
"Jun 15, 2025 @ 00:00:00.000","洞穴潜水员金雪峰圣龙潭潜水失联20天后遇难","运动","国内顶尖洞穴潜水员金雪峰于5月20日在广西南宁圣龙潭潜水时失联，6月12日遗体被打捞上岸，失联约23天。参与搜寻的救援人员及潜水员教练证实了这一消息。圣龙潭被誉为自由潜圣地，金雪峰因卓越潜水技能和对运动的热爱广受认可。消息公布后，网友、潜水学员及同行纷纷表达哀思，有知名潜水员在朋友圈悼念称其一生奉献于热爱的运动。目前，金雪峰的追悼会已举行，官方团队将发布详细事故报告。"
"Jun 15, 2025 @ 00:00:00.000","郑钦文因装备问题止步女王杯半决赛","运动","2025年6月14日，郑钦文在女王杯网球赛女单半决赛中苦战3盘，以2-6、6-4、4-6不敌美国选手阿尼西莫娃，止步四强。比赛中她遭遇严重装备问题：首盘所穿青少年时期遗留的旧草地鞋底板开胶，赞助商未能及时寄送新鞋，被迫换上前一比赛日已多次打滑的旧鞋，影响移动和专注；此外，她原计划使用的高磅数球拍赛前未携带，第二盘才拿到。尽管受此困扰，郑钦文仍顽强拼至决胜盘。值得一提的是，此次四强成绩助她下周世界排名升至第4位，创个人职业生涯新高。"
"Jun 15, 2025 @ 00:00:00.000","故宫午门展厅漏雨疑致明代书画受损","艺术","故宫作为古建筑群，排水系统虽历史悠久但存在老化问题，历史上曾因暴雨出现内涝甚至宫殿漏雨，如明代万历年间、清代嘉庆年间均有“大内紫禁城坍坏”“宫殿皆漏”的记载。近年故宫午门也曾因强风导致墙面脱落，虽经临时修复但需待适宜季节按传统工艺彻底处理，反映古建筑维护的复杂性。此外，台北故宫博物院曾因管理疏失致文物破损、图档外流，提示文物保护需加强日常监测、规范操作及应急管理。故宫午门展厅若因漏雨致明代书画受损，或与古建筑排水能力、维护措施及极端天气影响相关。"
"Jun 15, 2025 @ 00:00:00.000","Labubu盲盒新品遭黄牛外挂抢购高价转卖","二次元","近期，泡泡玛特旗下LABUBU搪胶盲盒全球爆火，线上线下供不应求，消费者需加二十多个群长期蹲守直播间或提醒，线下门店仅展示样品无货可售。海外如美国等地出现凌晨排队抢购，现场堪比iPhone首发，泡泡玛特APP曾登顶美国应用商店购物榜。因缺货严重，二手市场溢价明显，原价594元的整盒被炒至1000-2000元，隐藏款高仿甚至比正版贵，黄牛和仿冒产业趁机牟利。此外，部分银行曾推出存款送LABUBU盲盒活动，但因监管禁令被紧急叫停。"
"Jun 15, 2025 @ 00:00:00.000","宁夏固原学校围墙倒塌致祖孙二人遇难","旅行","2025年6月13日19时许，宁夏固原市原州区寨科乡突降暴雨并刮9级大风，当地中心小学一段长约10米的围墙倒塌，砸中校外临时搭建的帐篷。帐篷内居住的张涛（化名）50多岁的妻子和1岁多的孙女被砸伤，送医后不幸身亡；张涛怀孕的儿媳妇因距离较远受伤较轻，仍在医院检查。张涛一家因盖房花销大，在围墙外搭帐篷临时居住，帐篷一侧用绳子绑在围墙上。家属怀疑围墙结构不稳或年久失修致倒塌，学校称围墙2020年建设，平时巡查未发现裂痕，初步推测大风通过帐篷绑绳拉扯导致围墙倒塌。事发后警方介入调查，乡政府表示张家曾向村委会报备帐篷存放物资，具体倒塌原因仍在调查中。"
"Jun 15, 2025 @ 00:00:00.000","台风'蝴蝶'引发广西陆川山体滑坡致3人遇难","大自然","2025年第1号台风“蝴蝶”于6月13日23时前后在海南东方市沿海登陆（强热带风暴级），14日凌晨进入北部湾海面并预计当日下午在广西南部至广东雷州半岛二次登陆。受其影响，广西沿海及桂东地区出现强风雨，北部湾海面风力8-10级、阵风11-12级，沿海及桂东南7-8级、阵风9-10级，局地有暴雨到大暴雨、特大暴雨，累计雨量100-200毫米（局地超400毫米）。持续强降雨引发地质灾害风险，玉林、北海等地发布山洪灾害预警。广西已将台风预警提升至三级，停航客运航线、撤离施工人员等。然而，强降雨仍致广西陆川发生山体滑坡，造成3人遇难。"
"Jun 15, 2025 @ 00:00:00.000","广东肇庆现陆地爬行'过山鲫'引发关注","大自然","近日，广东肇庆的何女士在公园池塘边发现七条能在陆地上爬行的鱼，拍摄视频分享后引发关注。经了解，这种鱼名为过山鲫（学名攀鲈），是我国南方本土鱼类，主要分布于广东、广西等地。过山鲫因具备特殊呼吸器官（假肺和褶鳃），离水后在潮湿环境可存活数天；其胸鳍、腹鳍的肌肉和尖刺支撑身体，能短距离陆地行走甚至爬树。该鱼体表有坚硬鳞片，背鳍和尾部长有锋利硬刺，食性杂，常摄食小鱼、虾及鱼卵，目前在两广地区有泛滥趋势，渔民因处理不便对其敬而远之。"
"Jun 15, 2025 @ 00:00:00.000","温州动物园大熊猫馆新引进'宝弟''宝妹'","宠物","2025年6月7日，经国家林业和草原局审批同意，中国大熊猫保护研究中心的双胞胎大熊猫“宝弟”“宝妹”抵达温州动物园，开启为期5年的科普交流之旅。“宝弟”为雄性，活泼好动；“宝妹”为雌性，性格乖巧，二者均出生于2019年8月8日，家族背景显赫（爷爷“芦芦”、外婆“华美”均为大熊猫界明星）。目前两只大熊猫正处于至少7天的隔离检疫期，健康状态良好。为保障其适应新环境，温州动物园此前已派饲养员、兽医赴研究中心学习，研究中心也特派资深饲养员常驻指导。园区大熊猫馆经改造，配备温控、通风系统及冷库、医疗室等功能区，待检疫合格后将与市民见面，开放时间将提前公布，后续还会定期发布“国宝”动态。"
"Jun 15, 2025 @ 00:00:00.000","600万粉丝网红泰国直播带货遭警方突击检查","娱乐圈","6月12日，泰国移民局、劳工部及公共卫生部联合突击检查曼谷一家商场内的店铺，起因是接到举报称有人通过直播向中国消费者销售不符合标准的泰国商品。经查，涉事直播使用中国IP地址，泰国本地用户无法观看，每日资金流转约3000万泰铢（约664万元人民币），部分商品存在注册号与实际不符等问题。拥有600万粉丝的网红黄琴被指在该直播团队中，其持旅游签证进行商业直播涉嫌“非法务工”。黄琴13日回应称系被恶意举报，警察仅到现场查看，回避直接回答非法务工是否属实，并表示具体情况需问老板。泰方将进一步检测商品并可能追加指控。"
"Jun 15, 2025 @ 00:00:00.000","TVB演员姚亦澧街头咖啡车创业引关注","娱乐圈","47岁TVB演员姚亦澧近日因在长沙街头摆摊卖咖啡引发关注。他2006年通过《香港先生选举》入行，近20年多演《使徒行者》《冲上云霄II》《刑侦12》等剧的配角，观众眼熟却叫不出名。因演艺机会稀缺，他曾做过货车司机、搬货，甚至陷入轻度抑郁，后尝试司仪、网台等多线谋生。6月11日，他将车尾改装成流动咖啡店，操作咖啡机现磨咖啡，同步开展“TVB演员再就业”项目，白天卖咖啡积累素材，晚上直播讲述打工人故事。此前直播教英语时观众寥寥，后听从网友建议解开衬衫纽扣露胸肌，在线人数飙升至千人。这一转型折射出TVB艺人在行业寒冬下的生存智慧，如陈键锋学厨、沈震轩开网约车等，姚亦澧用实际行动诠释“人生无固定剧本，努力破局才有新舞台”。"
"Jun 15, 2025 @ 00:00:00.000","杭州越野车逃避查酒驾冲入河道被救起","生活方式","截至2025年6月15日，参考内容中未提及当日或近期杭州发生的“越野车逃避查酒驾冲入河道被救起”具体事件。现有信息显示，类似车辆落水救援案例包括：2019年浙江辅警傅进华下班途中，见越野车失控冲入池塘，他冒严寒连续救出5名被困人员，后获一等功及10万元奖励；2025年4月内江市资中县两名辅警用救生圈成功救起因操作失误冲入河中的越野车驾驶员；2021年7月安吉公安设卡时，一越野车驾驶员为逃避检查跳河逃跑，最终被抓获并确认酒驾（140mg/100ml）。"
"Jun 15, 2025 @ 00:00:00.000","景区摆渡车收费模式引发游客争议","生活方式","近期景区摆渡车收费模式引发游客广泛争议，主要问题包括票价高昂（部分单程数十元甚至超出门票）、强制或变相强制消费（如停车场与景区距离过远，不坐车需步行数公里，老人小孩难以选择）、捆绑销售（门票与车票绑定），以及服务质量差（等待时间长、车辆拥挤、管理混乱甚至存在安全隐患）。部分景区被指将摆渡车作为谋利工具，如故意拉远步行距离、承包给关联方定价等。根据《旅游法》，公共资源景区交通工具应实行政府定价或指导价，不得强制消费，但部分景区仍违规操作。专家指出，过度依赖摆渡车创收会损害景区信誉，建议合理定价、提升服务，平衡短期利益与长期发展。"
"Jun 15, 2025 @ 00:00:00.000","风筝线割喉事故引发生命安全讨论","日常琐事","近期多起风筝线割喉事故引发社会对生命安全的广泛关注。湖南长沙一男子骑摩托车时撞上横在路中的风筝线，咽喉、手掌被割伤；河南安阳17岁男孩骑车被风筝线割喉缝21针；杭州外卖员送餐时被风筝线割伤颈部，留下25厘米血痕。风筝线多为高强度尼龙或碳纤维材质，风力作用下紧绷如利刃，隐蔽性强难察觉，可能造成气管损伤、颈动脉割裂（致死率超60%）或颈椎骨折等致命伤害。专家及相关部门提醒，放风筝应选空旷区域，使用颜色鲜艳的风筝线并注意观察动态；行人、骑行者需提高警惕，尤其在春秋风筝高发季。此外，法律界指出，放风筝者若未尽注意义务致他人受伤需承担侵权责任。"
"Jun 15, 2025 @ 00:00:00.000","清华学霸张沈心然回应奖学金捐赠质疑","职场","福建漳州诏安女生张沈心然2022年以优异成绩考入清华大学后，将获得的十余万元奖学金（主要来自家族基金、村里及亲友奖励）捐赠给诏安县红十字会，用于资助贫困学生完成学业，其善举获“人美心善”赞誉。近日，她因在视频号向备战高考的学弟学妹传授解题思路和复习攻略再度引发关注。谈及“学霸”固有印象时，她表示自己是爱美的女生，这与学习并不冲突。她透露，捐赠想法源于受清华退休教授长期资助学生的善举启发，且得到父母支持。未来，她计划在专注学业的同时持续投身公益，用行动履行社会责任。"
"Jun 15, 2025 @ 00:00:00.000","父亲节莫言晒二十年前致父亲家书","家庭","父亲节之际，莫言晒出二十年前致父亲的家书，字里行间满是对父亲的深切思念与回忆。家书中，他提及因北京非典被封闭时无法返乡的遗憾，想念老家新麦蒸的馒头、大葱和大蒜的滋味，还提到高密友人王大炮送来紫皮独头蒜，让他想起父亲的近况。文中也回溯了父亲的形象：读过私塾的文化人，曾是顽皮少年，后因出身谨慎劳作，担任生产队会计仍坚持下地，以沉默严厉守护家庭。莫言回忆儿时对父亲的畏惧——父亲的目光或一声咳嗽，便能让他瞬间收敛；而这份含蓄的爱，最终化作岁月里温暖的牵挂，勾勒出中国式父子关系的深沉与温情。"
"Jun 15, 2025 @ 00:00:00.000","律师指出黄牛抢购盲盒涉嫌多重违法","价值观","律师指出黄牛抢购盲盒涉嫌多重违法。例如购买“宠物盲盒”若涉及国家二级保护动物（如小太阳鹦鹉），可能构成危害珍贵、濒危野生动物罪；倒卖“快递盲盒”若为他人未认领快递，属隐匿、倒卖他人快递的违法行为；向未成年人销售盲盒，8岁以下禁止、8岁以上需监护人同意，否则商家担责；此外，盲盒销售还可能存在虚假宣传、以次充好、拒绝合理退货等侵害消费者权益问题，商家不能以“盲盒”形式规避质量担保和售后义务。"
"Jun 14, 2025 @ 00:00:00.000","小米汽车回应刹车盘生锈：可开启除锈功能主动处理","科技数码","近日，小米汽车针对用户反馈的刹车盘生锈问题作出回应，解释因刹车盘多采用灰铸铁材质，在雨季潮湿空气或雨水环境下易生锈，属于多数车辆常见的正常现象，轻微锈迹通常不影响制动性能，可通过安全路段连续制动去除。同时，小米汽车提供被动与主动两项除锈功能：被动除锈在高动能回收模式下，车辆会定期液压制动“磨盘除锈”，用户几乎无感知；主动除锈适用于长期停放后快速除锈，可在中控屏安全与服务设置中开启，但开启后动能回收功能将失效，需踩制动踏板获得制动力。"
"Jun 14, 2025 @ 00:00:00.000","上海航空航班充电宝冒烟，旅客用矿泉水扑救","科技数码","2025年6月13日，上海航空FM9449航班飞行过程中，一名旅客携带的充电宝突然冒烟，导致后舱烟雾弥漫。当时飞机即将降落，有旅客正使用充电宝充电，机组人员迅速介入处置，旅客们用矿泉水接力协助扑救。旅客王先生回忆称，事发时机舱广播提醒保持安静，现场紧张，事后仍感后怕。上海航空客服确认该航班放行、落地均正常。此次事件再次警示，飞行中气压变化、挤压或充电宝质量问题易致锂电池不稳定，存在自燃风险，提醒旅客严格遵守航空安全规定，避免疏忽引发危险。"
"Jun 14, 2025 @ 00:00:00.000","武汉大学通报职工子女驾车逼停学生事件","职场","2025年6月7日高考首日，武汉关山中学考点附近发生一起司机狂按喇叭干扰考生事件。该司机在考点周边交通管制、交警多次劝阻下仍持续按喇叭，甚至变本加厉，最终被交警依法扣留车辆及人员接受调查。事发时考点正全力保障安静环境，司机行为引发家长强烈谴责，网友普遍批评其缺乏公德，认为应从严处理。武汉考前已发布禁鸣等护考通告，交管部门表示将依法严肃处理，事件再次提醒公众守护高考秩序的重要性。"
"Jun 14, 2025 @ 00:00:00.000","河南210名干部因生态损害问题被追责","职场","近期，河南省在生态环境保护方面持续强化执法与问责。2024年，全省共查处环境违法案件4507件，其中涉危险废物违法案件144起、涉嫌犯罪343人，污染源自动监测数据弄虚作假案件148起、涉嫌犯罪33人，第三方环保服务机构弄虚作假问题749个、刑事拘留19人；同时受理群众环境问题投诉10832件，整治“散乱污”企业428个。执法中坚持力度与温度并重，对恶意违法从严查处，对非主观恶意、整改积极的企业依法不予处罚300余件。中央生态环保督察整改方面，截至2024年底，河南已完成前两轮督察大部分整改任务，其中第一轮95项、“回头看”133项（完成132项）、第二轮101项（完成92项），第三轮整改有序推进，各地严格落实“党政同责、一岗双责”，推动问题整改。"
"Jun 14, 2025 @ 00:00:00.000","山东淄博国有资产拍卖资料造假引关注","职场","近期，山东淄博市张店区人民法院发布多则司法拍卖公告，涉及巴黎春天公寓B座16-17层东户及盛世雅苑4号、5号住宅楼部分房产，拍卖时间分别定于7月15日至16日、7月17日至18日，均通过网络平台公开进行。此外，淄博保利大成置业有限公司作为当地国有房企（保利集团旗下），其企业信息显示曾于2022年因虚假宣传被行政处罚50万元，目前公司处于在营状态，涉及司法案件、开庭公告等风险信息。当前关于“淄博国有资产拍卖资料造假”的具体细节，参考内容中暂未明确提及。"
"Jun 14, 2025 @ 00:00:00.000","失独母亲60岁所生双胞胎参加中考","家庭","2025年6月14日，曾于60岁高龄冒死生下双胞胎的失独母亲盛海琳的双胞胎女儿，在合肥八中参加中考。70多岁的盛海琳因年龄大未前往考场陪考，选择留在家中为女儿准备饮食，除自己下厨外还到饭店购买菜肴。她安排曾教女儿英语的老师负责接送，并备好车辆。对于女儿的高中意向，她表示待暑期成绩公布后再讨论，以减轻孩子压力。"
"Jun 14, 2025 @ 00:00:00.000","李玉前杀妻灭子案重审二审择期宣判","家庭","2001年3月，贵州李玉前被控杀害妻子及3岁儿子，一审被判死刑，后因“事实不清、证据不足”发回重审，2003年改判死缓，李玉前持续申诉。2023年重审一审仍判死缓，其提起上诉。2025年6月10日，该案重审二审在贵州高院开庭，6月12日庭审结束，持续三天，将择期宣判。庭审中李玉前曾提出解除与律师周兆成的委托，但合议庭未同意，周兆成仍继续履行辩护职责。"
"Jun 14, 2025 @ 00:00:00.000","河南遭遇暴雨冰雹天气，多地发布预警","大自然","2025年6月13日晚至16日，河南将迎来大范围降雨，部分地区伴随冰雹、雷暴大风等强对流天气。14日全省自西向东出现分散性降水，南部局部有大雨或暴雨，洛阳等地降雨量预计达100-250毫米，局地可能超250毫米，易引发洪水、山体滑坡。同时，13-14日全省维持高温橙色预警，部分地区最高气温超40℃。此次降雨对农业影响较大，部分玉米种植区面临被淹风险。气象部门提醒公众减少外出，避免前往山区、河道，检查门窗及排水系统，备好应急包；驾驶员需警惕道路积水，城市及农户应提前排涝，防范灾害损失。"
"Jun 14, 2025 @ 00:00:00.000","卫辉市采矿破坏赵长城遗址被追责","大自然","2025年6月14日最新通报显示，河南卫辉市因违规采矿破坏赵长城遗址等问题被追责。卫辉市矿山主管部门违规将651米赵长城遗址唐庄2段划入采矿范围，导致部分遗址破坏；原平原同力水泥等企业在采矿中还破坏了赵长城唐庄1段、常村1段。此外，当地还存在石门河非法采砂、企业越界开采破坏山体林地等问题。针对违规采石破坏赵长城等问题，相关单位和责任人被追责，包括对部分单位责令检查，对多名责任人采取批评教育、诫勉、政务记过等处理措施。赵长城距今2300余年，本就因风化脆弱，此前辉县市等地也曾发生类似破坏事件，暴露出生态与文物保护意识不足、监管不力等问题。"
"Jun 14, 2025 @ 00:00:00.000","凤凰传奇曾毅手表图案引发争议","娱乐圈","近日，凤凰传奇成员曾毅因青岛演唱会彩排中佩戴的手表表盘图案被部分网友解读为含有性暗示元素引发争议，相关彩排照片由后援会发布后已删除。6月13日，曾毅回应称手表是朋友所送，自己误以为是劳力士，试图以轻松语气淡化争议。但部分网友认为其回应“装瞎”“糊弄”，未真正意识到问题，且提及曾毅此前在节目中自曝曾因情绪不佳踹打女性工作人员的旧事，舆论因回应转向负面。"
"Jun 14, 2025 @ 00:00:00.000","资深机长解读飞机座位安全性问题","旅行","近期多起空难引发对飞机座位安全性的讨论。阿航空难、韩国空难中幸存者多在机尾，印度空难唯一幸存者则坐在紧邻舱门的11A座位，有观点认为特定座位更安全。但资深机长陈建国指出，飞机上不存在“最安全座位”，能否生还主要取决于事故时的撞击角度、冲击力分布及随机性，前后排或不同位置的安全性无本质差异。例如，高速坠毁时载荷变化对人体的伤害是主因，而非座位位置；机尾在部分事故中幸存可能是巧合，水上迫降时机尾甚至更危险。统计显示后1/3座位死亡率略低（32%），但事故类型千差万别（如撞击方式、是否起火），数据仅反映部分规律。靠近紧急出口的座位可能提高逃生效率，但并非绝对安全。业内提醒，起飞降落时系好安全带是更关键的安全措施。"
"Jun 14, 2025 @ 00:00:00.000","印度空难幸存者因堵车迟到躲过一劫","旅行","2025年6月12日，印度航空公司一架波音787客机从艾哈迈达巴德机场起飞后不久坠毁，机上242人中仅一名40岁印裔英籍男子拉梅什幸存（坐11A紧急出口附近，仅受轻伤），其余241人遇难，加上地面人员，总遇难超290人。事故中，一名印度女子博米·乔汗因堵车晚10分钟到达登机口被拦，幸运躲过空难，得知消息后她“大脑一片空白”“浑身发抖”；另有一家5口登机前拍全家福成最后合影，不幸全部遇难。目前坠机原因仍在调查中，专家推测波音787可能在起飞关键阶段失去动力。"
"Jun 14, 2025 @ 00:00:00.000","深圳某小区交付半年外墙片墙脱落","家居","2025年6月11日，深圳前海·华发新城华苑小区（2024年底交付，尚不足半年）因暴雨引发顶楼外墙墙皮脱落，脱落材料散落小区出入口，未造成人员伤亡，但引发业主对居住安全及房屋质量的担忧。6月13日，项目开发单位深圳融华置地及华发物业回应称，脱落部位为装饰片墙面层（非结构受力部位），主因是前期高温致砂浆与基层膨胀差异引发空鼓，暴雨外力导致局部脱落。目前已清理现场、拉警戒带并搭建防护棚，后续拟对小区8栋楼屋顶同类装饰片墙抹灰层铲除、修补后重刷涂料，具体方案待专家评审后实施，同时全面排查其他楼栋确保安全。此前有业主反映交房时存在偷工减料、设计缺陷等问题，事发次日另一栋楼外立面还出现裂缝，进一步加剧担忧。"
"Jun 14, 2025 @ 00:00:00.000","河南违规采矿致河床生态破坏被通报","家居","近期，河南嵩县九皋镇石场村上柳沟被曝长期违规采矿，挖掘机昼夜作业，山体被开膛破肚形成巨大矿坑，石料堆积无防护，粉尘漫天，且企业未做环评违规生产，监管部门却“沉默”失责。此前中央环保督察曾指出河南多地存在非法采砂问题，如信阳淮河干流非法采砂泛滥、平顶山鲁山以“清障疏浚”名义采砂、洛阳汝阳斜纹河非法采砂等，2020年已对4个责任单位及113名责任人问责。为加强治理，河南于6月4日起开展为期一年的黄河流域水生态保护专项行动，重点排查整治水资源管理、河湖库保护等领域违法行为，设立举报渠道并督办重大案件。"
"Jun 14, 2025 @ 00:00:00.000","五角大楼披萨店订单激增引发网络热议","线下活动","近期以色列对伊朗发动空袭引发关注，而事件前五角大楼附近披萨店订单激增现象引发网络热议。这一被称为“披萨指数”的另类数据指标，历史上多次在重大军事行动前出现：如1983年美国入侵格林纳达、1989年入侵巴拿马等事件前，相关部门附近披萨店订单均暴增。此次以色列空袭伊朗前一小时，五角大楼附近披萨店“爆单”，再次印证该现象与局势剧变的关联，网友将其视为局势紧张的预兆，热议这一另类数据对预判国际事件的参考意义。"
"Jun 14, 2025 @ 00:00:00.000","全国多起充电宝冒烟事件引发航空安全讨论","日常琐事","近期山东航空多起航班在降落时发生充电宝冒烟起火事件引发关注。6月10日，山东航空SC1159等航班落地前后，旅客携带的充电宝突发冒烟，空乘组迅速用灭火毯、灭火器处置，未造成人员伤亡。此类事件暴露充电宝在航空环境中的高风险：即使未使用，劣质或老化电芯可能因内部极片短路、电解液泄漏、隔膜破损等隐性缺陷，叠加起降时气压变化、高温（超60℃）等环境因素引发自燃。民航安检对锂电池内部隐患监测存在盲区，2023年全球客舱锂电池事故同比激增43%，78%发生在起降阶段。事件再次敲响航空安全警钟，公众呼吁加强安检技术、规范携带（如100Wh以上需申报、160Wh以上禁带）及旅客安全意识。"
"Jun 13, 2025 @ 00:00:00.000","中国女排队长龚翔宇加盟美国女排联赛","运动","2025年6月13日，中国女排队长、奥运冠军龚翔宇正式加盟美国LOVB排球联赛，成为首位签约该联赛的中国国家队现役球员。LOVB官方高度评价其加盟，称其将为联赛注入顶级比赛经验。龚翔宇职业生涯辉煌，曾获2016年奥运金牌、2018年世锦赛铜牌，率江苏女排夺得2024-25赛季中国联赛冠军，且作为三届奥运选手，现担任中国女排新任队长。LOVB作为今年1月刚开启首赛季的新兴联赛，已汇聚罗宾逊、卡罗尔等国际名将，龚翔宇的加入进一步提升其国际化水平。尽管近期受腰伤困扰、进攻状态下滑，但此次留洋不仅填补其个人职业生涯空白，也体现中国排协对球员留洋的开放态度，为年轻队员树立榜样，且她计划11月全运会回归江苏队，积累的海外经验或为中国排球带来新可能。"
"Jun 13, 2025 @ 00:00:00.000","民航机长分析印度空难仅1人幸存：很随机，没有绝对安全位置","旅行","当地时间6月12日，印度航空一架载有242人的波音787-8型客机从艾哈迈达巴德国际机场起飞后不久坠毁，造成至少265人死亡（含地面人员），仅一名英籍男子维什瓦斯库马尔·拉梅什幸存。该幸存者事发时坐在紧邻舱门的11A座位，目前在医院接受治疗，意识清醒、仅受轻伤。资深民航机长陈建国分析指出，飞机上不存在绝对安全的位置，幸存者能获救主要因所处位置冲击力最小或解体后暴露，更多是幸运所致，并非座位本身更安全。"
"Jun 13, 2025 @ 00:00:00.000","印度空难有1人奇迹生还，因为座位更安全？资深机长：飞机上不存在哪个座位更安全","旅行","2025年6月12日，印度航空AI171航班（波音787）在古吉拉特邦艾哈迈达巴德机场坠毁，机上242人中仅40岁英国籍男子拉梅什奇迹生还。拉梅什当时位于11A座位，紧邻紧急出口，他在飞机撞击地面、起火前果断打破舷窗逃生，自行走出残骸，送医后生命体征平稳。事故造成机上241人遇难，另有地面人员伤亡。目前黑匣子已找到，印度联合美国NTSB、英国专家调查，初步报告预计1个月内发布，可能原因包括鸟击致双发失效、跑道宽度不足、前序航班故障未检修等。尽管有观点关注其座位位置，但资深机长指出飞机无绝对安全座位，其果断逃生是关键。印度总理莫迪承诺彻查并升级安全标准，塔塔集团承担幸存者医疗费用并向遇难者家属赔偿。此次空难暴露印度民航维护、应急及机场规划等系统性隐患，引发对航空安全的拷问。"
"Jun 13, 2025 @ 00:00:00.000","波音客机近年已至少出现在五场致命空难中","科技数码","近年波音客机频繁卷入致命空难，引发广泛关注。2018年印尼狮航、2019年埃塞俄比亚航空的737 MAX机型先后坠毁，共致346人遇难；2024年12月韩国济州航空一架737-800机腹着陆，179人遇难；2025年6月12日印度航空一架波音787-8客机起飞后坠毁，242人全部遇难（系787首次致命空难）。此外，2024年12月哈萨克斯坦也曾发生波音客机坠毁致38人遇难事故。自2018年以来，波音客机8年至少发生21起事故，叠加罢工、生产受阻等问题，其业绩严重受挫：2019至2024年六年累计亏损359.91亿美元，2024年商用飞机交付量同比下滑34%至348架，全年净亏损约118亿美元，安全危机已波及订单与公众信任。"
"Jun 13, 2025 @ 00:00:00.000","广州全面取消限购、限售、限价并降低贷款首付比例和利率","家居","2025年6月13日，广州市发布《提振消费专项行动实施方案（征求意见稿）》，明确优化房地产政策，全面取消限购、限售、限价，并降低贷款首付比例和利率。此举旨在有序减少消费限制，激发市场活力，促进经济高质量发展。政策调整后，无论户籍、套数限制均被取消，外地及改善型购房者门槛大幅降低，二手房和新房市场流动性有望提升。同时，政策强调保障刚需权益、避免投资性需求无序扩张，标志着楼市调控从行政干预转向市场主导，为全国特大城市政策调整提供新参考。"
"Jun 13, 2025 @ 00:00:00.000","浙江一公司老板在女厕安装摄像头被拘？当地派出所：是有人被拘留了","职场","近日，浙江嘉兴艾某诺生物科技有限公司被曝老板在公司女卫生间安装摄像头，每个坑位均有摄像头正对隐私部位甚至脸部。4月6日，两名警惕的女员工在香薰架下发现摄像头后报警，警方调查确认系老板所为，对其作出拘留4天、罚款400元的处罚。事件曝光后，多位女员工因隐私受侵离职，公司大门被锁，且存在5月工资拖欠问题。部分员工及网友认为处罚过轻，认为其行为对受害者身心造成伤害。6月13日，当地派出所确认有人被拘留，但未透露更多细节。"
"Jun 13, 2025 @ 00:00:00.000","湘雅二医院实习医生坠楼事件：电脑存医疗腐败举报材料及转账记录","职场","2024年5月8日，中南大学湘雅二医院28岁实习医生罗帅宇坠楼身亡，警方初步认定“跳楼自杀”。但其家属整理遗物时发现，罗帅宇电脑数据被多次格式化，恢复后出现1119页举报材料、32段手术录像及40余万元可疑转账记录，涉及医院系统性医疗腐败问题，包括切除健康肠管、伪造绝症病历、医生违规操作等，还包含对刘翔峰等医生的指控。2021年9月至2023年9月，医院以“劳务报酬”名义向月薪仅数千的罗帅宇转账40余万元，资金随后转给“护士长”账户，部分转账发生在刘翔峰2022年被查之后。家属质疑“自杀”结论，拒绝医院提出的补偿协议（要求承认自杀并不再追责），持续上访一年多。2025年6月12日，湖南省卫健委回应称已受理信访材料，医疗腐败问题移交公安机关，成立联合调查组，目前仍在调查核实中。"
"Jun 12, 2025 @ 00:00:00.000","岳云鹏演唱会票价最高1580元引发争议，本人回应称不会让大家失望","音乐","近日，相声演员岳云鹏宣布开启“非要唱”个人巡回演唱会，首站定于7月26日至27日在北京首都体育馆举行，票价设380元至1580元六档，最高档比凤凰传奇、汪苏泷、华晨宇等歌手的演唱会票价更高，引发“有何代表作支撑高价”的质疑。不过，市场反应热烈，开票后超2万人标注“想看”，1580元内场票1分钟售罄，7月26日场次也迅速售罄。对此，岳云鹏在开票前回应称非常紧张，多次梦到现场没人，坦言看到不少质疑声，但会做好准备，“应该不会让大家失望”。"
"Jun 12, 2025 @ 00:00:00.000","NBA总决赛步行者2-1雷霆，哈利伯顿贡献22+9+11","运动","6月12日，NBA总决赛G3继续进行，步行者回到主场迎战雷霆。此前两队前两场各胜一场大比分1-1战平，此役步行者表现更优，哈利伯顿贡献22分9篮板11助攻的全面数据，马瑟林砍下27分，球队替补席以49-18的得分优势助力，最终步行者击败雷霆，大比分2-1领先。"
"Jun 12, 2025 @ 00:00:00.000","台风'蝴蝶'逼近海南广东，部分列车停运渡轮停航","旅行","今年第1号台风“蝴蝶”于6月11日8时在南海中西部生成，12日9时中心位于北纬17.1度、东经110.3度（热带风暴级，风力8级），预计13日凌晨至上午登陆海南岛南部沿海（陵水至乐东一带），14日白天可能在广东西部到广西沿海再次登陆。受其影响，海南、广东将迎强风雨，广东13日至15日或现入汛以来最强降水（大部暴雨到大暴雨，局部特大暴雨），沿海风力7-10级，台风中心附近可达10-12级阵风13级。交通方面，海口新海港、秀英港、铁路南港及琼州海峡航线6月12日11时起停运至14日上午；海南环岛高铁11日至12日部分列车停运，12日16时至14日8时动车组全部停运；深湛铁路13日部分动车组停运，广茂线13日8时起部分普速列车停运。"
"Jun 12, 2025 @ 00:00:00.000","洛杉矶宵禁引发华人担忧，亲历者称'不敢过去怕挨枪'","旅行","当地时间6月10日晚8时，美国洛杉矶市中心约2.6平方公里区域实施宵禁（至次日早6时），仅限居民、必要工作者等特定人员通行。此次宵禁源于6月6日联邦机构大规模搜捕非法移民引发的连日骚乱，抗议者与警方发生冲突，出现投掷石块、催泪弹及橡皮子弹互射，沿街车辆被砸、垃圾桶焚烧等混乱场景，9日晚更有蒙面人打砸店铺“零元购”。多位华人亲历者称“不敢过去，怕挨枪子”，留学生颜坤购买防毒面具、防身刀具并储备物资，考虑必要时离开或回国；餐馆老板王先生召回员工、加装防护栏避险。尽管混乱集中在联邦大楼周边等个别街区，大部分区域相对平静，但华人社区仍因担忧被误伤或遭遇治安隐患而神经紧绷。"
"Jun 12, 2025 @ 00:00:00.000","海洋酸度达临界值引发生态系统警钟","大自然","近日英媒报道，海洋酸度已达临界值，生态系统敲响警钟。海洋酸化因二氧化碳溶于水形成碳酸导致海水pH值下降，极端情况下可溶解海洋生物细胞。此前普遍认为其未超“行星边界”（维持地球健康的自然阈值），但英国普利茅斯海洋实验室等机构最新研究显示，海洋酸化早在5年前已“越界”。数据表明，截至2020年全球海洋平均pH值已接近阈值（海水中碳酸钙浓度较工业化前低20%），水深200米处60%海域更已超出安全阈值，威胁深海生物多样性及珊瑚礁等栖息地。珊瑚、牡蛎等依赖钙化结构生存的生物将因pH下降难以生长繁衍，专家称其为海洋生态与沿海经济的“定时炸弹”，强调减排是唯一缓解途径，并警告“时间分秒流逝，能否力挽狂澜将决定人类未来”。"
"Jun 12, 2025 @ 00:00:00.000","台风'蝴蝶'即将登陆海南，海浪风暴潮双预警齐发","大自然","2025年第1号台风“蝴蝶”正逼近海南，预计13日凌晨到上午将以强热带风暴级（10-11级）在海南陵水至乐东一带沿海首次登陆，14日白天可能在广东西部到广西沿海再次登陆（同样强度）。当前“蝴蝶”中心位于海南三亚东偏南约205公里海面，以每小时10公里左右速度向西北转偏北移动，强度逐渐加强。受其影响，华南大部12日至14日将有大到暴雨，局地大暴雨或特大暴雨；南海西部出现巨浪到狂浪（海浪橙色警报），海南东部、南部近岸海域有大浪到巨浪；广东、海南发布风暴潮蓝色预警。海南已升级台风橙色、暴雨红色预警，琼州海峡停航，市民需防范强降雨、大风及次生灾害。"
"Jun 12, 2025 @ 00:00:00.000","小米SU7路口连撞多车，车主被警方控制","科技数码","2025年6月11日晚9点31分左右，郑州市桐柏南路与陇海西路辅路十字路口发生一起交通事故，一辆小米SU7突然失控，连续撞击8辆汽车、7辆电动车和1辆摩托车，共16辆车。现场多车严重损毁，电动车零件扭曲变形，部分人员受伤但无死亡。涉事驾驶员持有有效驾驶证，事故发生后被警方控制，目前警方正调查事故具体原因，小米汽车方面暂未回应。"
"Jun 12, 2025 @ 00:00:00.000","'星链'卫星频繁坠落研究称与太阳活动有关","科技数码","近期研究揭示，马斯克SpaceX公司的“星链”卫星频繁坠落与太阳活动加剧密切相关。数据显示，2020年至2024年间，“星链”卫星坠落数量呈上升趋势，2020年仅2颗，2021年增至78颗，2024年达316颗，累计583颗坠落。当前太阳活动处于约11年周期的第25个高峰阶段，其增强引发地磁扰动，导致地球热层升温膨胀，高层大气密度和阻力增加，卫星轨道衰减加剧，加速坠落。值得注意的是，约72%的卫星在弱磁暴期间坠落，可能因弱磁暴持续时间长，累积效应更显著。研究指出，低轨卫星设计寿命约5年，寿命到期本是正常因素，但太阳活动进一步缩短了卫星寿命，呼吁加强太阳活动剧烈期的监测与预测，以降低在轨碰撞及碎片风险。"
"Jun 12, 2025 @ 00:00:00.000","女业主视频维权被质疑'擦边'，媒体呼吁关注交房问题","娱乐圈","近日，山东枣庄一名女业主因开发商延期交房通过短视频平台维权引发关注。该业主2022年购房，原计划2023年交付，后延期至2025年仍未交房，多次协商无果下，她从5月至6月10日发布31条维权视频，获12.7万粉丝。部分网友却质疑其穿着“擦边”“博眼球”，引发争议。其丈夫汤先生表示，妻子着装为日常T恤、连衣裙等，无不良言行，维权实属无奈，“若能住上房，何必这样”。目前房屋仍不具备居住条件，夫妻因未交房未办婚礼，带孩子住父母家并每月还房贷。媒体指出，公众应聚焦开发商违约、延期交房的根本问题，而非衣着争议，需关注开发商责任及监管落实，避免维权本质被曲解。"
"Jun 12, 2025 @ 00:00:00.000","韦东奕入驻短视频平台引热议，本人称已受舆论影响","娱乐圈","近日，北大“韦神”韦东奕在短视频平台开设实名认证个人账号，账号简介明确标注为本人所有，由家人协助注册，旨在防止恶意剪辑与造谣，让其多接触外界并后续分享数学相关内容。目前账号仅发布一条4秒自我介绍视频，内容为“大家好，我叫韦东奕，这是我的账号”，截至6月8日粉丝量已超1900万，视频点赞超千万，评论区被考生及家长的高考许愿填满，纷纷“沾喜气”求数学好成绩。其堂哥证实账号真实性，辟谣此前捐款1600万、有女友等传闻，并表示韦东奕担心舆论影响，暂不主动开直播。抖音副总裁也发文关注，期待其分享内容。"
"Jun 12, 2025 @ 00:00:00.000","情绪文旅兴起，满足都市人'松口气'需求","生活方式","当前文旅产业正从资源导向向情感导向转型，进入多元发展的3.0时代，“情绪文旅”成为新趋势。游客需求中，积极情绪价值（占比30%）超越传统观光，位居首位，“宠粉文旅”“解压文旅”等新概念兴起。如今年“五一”甘肃天水因“宠粉”服务走红——游客滞留时出租车主动接驳，近途免费、远途“意思一下”，以热情服务打动游客，促进二次消费。这一变化源于年轻人对情感体验的重视，传统单一景观竞争力下降，疫情后旅游更承担精神慰藉功能。文旅企业通过融合本土文化与科技、打造沉浸式体验、构建社交媒体互动等方式，满足年轻人对情感共鸣和心灵触动的需求，推动文旅市场从“打卡”向“疗愈”升级。"
"Jun 12, 2025 @ 00:00:00.000","高考女生挑行李回家感动网友，热心人愿资助求学","日常琐事","近日，广西桂林灌阳县第二高级中学的刘同学高考结束后挑扁担回家的视频走红网络，感动无数网友。视频中，她穿着朴素，用木棍当扁担挑着两个塞得鼓鼓的编织袋，步伐坚定地走向家的方向，与校门口家长簇拥、鲜花拥抱的场景形成鲜明对比。刘同学来自农村脱贫家庭，父亲常年在外打工，母亲务农，她从小懂事刻苦，学习成绩中上等，常帮家里干农活，实干能力强。网友称赞其“挑起的是责任与希望”，人民日报也点赞，更有热心人愿资助。刘同学表示感谢，计划暑假在家附近找工或摆摊卖凉粉，未来想读教育专业当老师，认为“一家人在一起就足够”。"
"Jun 12, 2025 @ 00:00:00.000","重庆九龙坡火灾系谣言，警方通报实际无人伤亡","日常琐事","6月11日13时12分，重庆九龙坡区石桥铺电脑城外一摩托车临时停放点发生火灾，消防部门迅速处置，13时33分明火被扑灭，现场无人员伤亡，起火原因正进一步调查。6月12日，网上流传一份“警情通报”称火灾系人为纵火并造成4死3重伤7轻伤，经重庆市公安局、消防救援总队核实，该通报系网民自行伪造（PS生成），内容不实。目前警方已对造谣者展开调查。"
"Jun 12, 2025 @ 00:00:00.000","哪吒汽车董事长被员工围堵讨薪，新总部暂停营业","职场","2025年6月11日，哪吒汽车上海新总部开工首日，多名员工围堵董事长兼CEO方运舟的办公室门口讨要被拖欠的工资。现场员工情绪激动，方运舟显得不耐烦，要求员工选代表沟通但未给出满意答复，随后关闭办公室房门未理会员工诉求。6月12日，哪吒汽车总部宣布员工即日起居家办公，办公室门禁失效，搬离个人物品需行政报备，方运舟已前往公司注册地桐乡。此前，哪吒汽车自2024年10月起陷入经营困境，出现裁员、降薪、拖欠货款等问题，5月底上海旧总部LOGO被拆除并迁至新址，新总部启用不足10天即发生讨薪事件，且公司存在票据违约、方运舟股权冻结等财务危机。"
"Jun 12, 2025 @ 00:00:00.000","17家车企承诺'60天账期'获工信部支持","职场","近日，一汽、东风、长安、广汽、比亚迪、吉利等17家重点车企陆续宣布“支付账期不超过60天”的承诺，旨在缓解中小供应商资金压力、优化供应链效率。6月12日，工业和信息化部明确表示支持这一举措，指出当前新能源汽车市场竞争加剧，部分供应商因账期延长面临资金周转困难，此举对构建“整车—零部件”协作共赢生态、促进产业健康可持续发展具有重要意义。工信部强调将引导车企与供应链企业建立长期稳定合作，推动大中小企业协同创新，提升产业链供应链韧性，助力全球汽车产业发展。"
"Jun 12, 2025 @ 00:00:00.000","存款市场调整：5年期大额存单消失，利率进入'1时代'","家庭","近期，银行大额存单市场迎来显著调整，利率全面进入“1时代”，5年期产品逐渐消失。受净息差压力影响，银行主动优化负债结构，压降长期存款成本。目前，国有大行如工行、农行、中行的1年期、2年期大额存单利率降至1.2%，3年期为1.55%；建行下架2年期和5年期产品，交行、邮储甚至无产品在售。储户收益明显缩水，如20万元存三年利息较此前减少约2000元。业内建议储户降低收益预期，转向多元化资产配置，平衡灵活性与收益。"
"Jun 12, 2025 @ 00:00:00.000","网民散布重庆火灾谣言被查，多方紧急辟谣","价值观","6月11日，重庆九龙坡区渝州路街道一摩托车临时停放点发生火灾，消防部门13时33分扑灭明火，现场无人员伤亡。6月12日，网上流传伪造的“警情通报”称该火灾系人为纵火，造成4人死亡、3人重伤、7人轻伤，并编造纵火者因女儿遇害投掷燃烧瓶的动机。经重庆市消防救援局、公安局核实，该“警情通报”系网民伪造（PS生成），内容与事实不符，属于谣言。目前警方已启动对造谣者的追查程序，并提醒网民不信谣、不传谣，共同维护网络环境。具体火灾原因仍在进一步调查中。"
"Jun 11, 2025 @ 00:00:00.000","5连胜！樊振东3-2林诗栋，今晚或与王楚钦对决","运动","2025年6月11日，2025乒超联赛第一阶段男团比赛中，上海地产集团与黄石基地·华新展开焦点战，前世界第一樊振东与现任世界第一林诗栋上演五局鏖战。樊振东首局7-11告负后，连扳两局11-7、11-7，虽第四局10-12再失一局，但决胜局11-8逆转，最终3-2险胜，斩获乒超单打五连胜，同时终结林诗栋开赛六连胜。今晚18:00，樊振东或将与世界排名第二的王楚钦展开对决。"
"Jun 11, 2025 @ 00:00:00.000","特斯拉市值一夜大涨4000亿","科技数码","当地时间2025年6月10日，美股三大指数集体收涨，纳指、标普500指数续创2月底以来收盘新高，道指创3月初以来新高。其中，特斯拉股价表现亮眼，当日大涨5.67%，报326.09美元，市值一夜增加约563亿美元（约合人民币4047亿元），最新总市值达1.05万亿美元。科技股多数上涨，英特尔涨近8%，创两个月最大单日涨幅；谷歌、Meta等涨幅超1%，特斯拉成为当日纳斯达克100指数成分股中表现突出的个股之一。"
"Jun 11, 2025 @ 00:00:00.000","小沈阳18岁女儿下周将在韩国出道，此前在演唱会登台唱跳遭吐槽","娱乐圈","小沈阳18岁女儿沈佳润（艺名Nina）将于6月19日以K-pop solo歌手身份在韩国发行首张迷你专辑正式出道。此前，5月31日小沈阳在沈阳举办演唱会时，沈佳润以“神秘嘉宾”身份登台唱跳，表演中被观众指出存在跑调、节奏卡不准等问题，加之现场屏幕歌词不同步、音响故障等设备问题，引发争议，有观众吐槽“花钱不是来看家庭唱K”甚至喊退票。小沈阳6月2日回应称接受所有批评，强调父女会继续努力、对得起观众。随着出道消息公布，此事再度引发关注。"
"Jun 11, 2025 @ 00:00:00.000","广西一小学生坠楼，当地通报：无生命危险，不存在欺凌情况","日常琐事","2025年6月3日11时20分许，广西桂林市临桂区汇荣小学一名六年级男生坠楼，学校第一时间拨打120、110开展救治，目前该生生命体征平稳、无生命危险。经调查，该生在校期间不存在被欺凌及教师体罚情况，事发当日上午第二节课，班主任因他未完成课堂作业及端午假期外出未及时回家致家长在班级群寻找一事对其批评教育，并通知家长到校。第三节课家长抵达教室门口时，该生看到家长后搬起板凳翻越护栏坠楼。目前临桂区教育系统正全面排查，加强学生心理健康和安全教育，避免类似事件再次发生。"
"Jun 11, 2025 @ 00:00:00.000","宜宾一农村公路多年修不通追踪：永兴镇称系机耕路，符合要求","日常琐事","四川省宜宾市翠屏区永兴镇土堰村六组一条农村公路多年未竣工，村民反映影响日常出行。村民称，多年前修路时每户集资约500元，前任村支书2022年承诺2023年修好所有公路，但拖延至2025年仍有约1.1公里土路未修，涉及8户30余人，且部分4米多宽的土路修缮后缩至3米多宽。永兴镇党委副书记王梓航回应称，涉事路段系农田建设项目延伸的“机耕道”，非公路，项目设计、资金使用符合程序，但无法保证每路通到村民家，未来或有其他计划覆盖。该项目2020年立项，总投资1200万元，计划建14.6公里4.5米宽公路，工期6个月，然5年未完工。记者联系村委会、镇政府、交通局等部门均未获回应，镇交通办电话为空号，暴露出基层治理问题。"
"Jun 11, 2025 @ 00:00:00.000","意外发现前妻遗书，“写着对不起我……”浙江男子忍无可忍：离婚7年了啊！","两性情感","2025年6月11日，浙江桐庐的吴先生因离婚7年的前妻余女士花呗逾期未还，频繁收到催款电话和短信，不堪其扰。吴先生表示，近几个月每天早上8点左右都会接到催债电话，短信称余女士严重违反合同约定，债权人或将提起司法诉讼。尽管吴先生已投诉过且曾消停一段时间，但近期催债电话又持续不断。记者尝试联系余女士未果，其号码显示为空号；联系平台后，客服称因涉及隐私无法查询余女士账号信息，可能因联系不上本人而联系了其预留的第三方号码（即吴先生）。"
"Jun 11, 2025 @ 00:00:00.000","教育部：拟同意设置大湾区大学等10所学校","职场","6月11日，教育部发布《关于拟同意设置本科高等学校的公示》，根据《中华人民共和国高等教育法》等相关规定及第八届全国高等学校设置评议委员会考察评议结果，经审议，拟同意设置包括大湾区大学在内的10所本科高等学校。其中，大湾区大学为公办性质，由广东省人民政府举办、东莞市政府投入保障，规划“一校两区”（松山湖校区256亩、滨海湾校区2100亩，总占地约2356亩），开展全日制本硕博贯通培养，预计2030年在校生达10000人左右（本科与研究生比例1:1），今夏将启动本科招生，首批设置数学与应用数学等5个本科专业，目标建成以理工为主、国际水准、开放包容、湾区特色的新型研究型大学。公示期为6月11日至17日，期间可署名反映意见。"
"Jun 10, 2025 @ 00:00:00.000","国足vs巴林23人大名单公布：王钰栋成新10号，曹永竞、朱辰杰伤缺","运动","2025年6月10日晚19:00，世预赛18强赛C组第10轮，中国男足将在重庆龙兴足球场主场迎战巴林，此为国足本届世预赛末轮荣誉战（已提前出局）。赛前公布的23人名单中，王钰栋首次身披10号，侯永永、刘祝润入选；曹永竞、朱辰杰因伤缺阵，林良铭、谢文能解禁复出。目前国足与巴林同积6分，国足净胜球劣势明显，需全取三分避免小组垫底。"
"Jun 10, 2025 @ 00:00:00.000","眼镜蛇、菜花蛇出没江西多地，专家提醒防蛇技巧","大自然","近期江西多地因高温多雨，眼镜蛇、菜花蛇等蛇类频繁出没，如赣州南康、崇义及九江彭泽等地均有居民家中或货车内发现2米左右菜花蛇、眼镜王蛇的情况。菜花蛇（王锦蛇）虽无毒但体大凶猛，能捕食老鼠和部分毒蛇（如五步蛇），对血液循环毒素有一定抵抗力，遇威胁会释放恶臭液体防御，被视为“百蛇之王”，但面对眼镜王蛇等剧毒蛇会撤退。专家提醒：遇蛇时保持安全距离（约1公尺），缓慢离开，勿擅自驱赶或抓捕，及时联系消防或林业部门；若被咬伤，切勿用嘴吸毒、乱跑或挤压伤口，应立即结扎近心端（留活结每半小时松1-2分钟），冲洗伤口并保持冷静，尽快就医，尽量记住蛇的特征以便对症治疗。"
"Jun 10, 2025 @ 00:00:00.000","上海海关查获39公斤伪装成矿石的犀牛角制品","大自然","近日，上海洋山海关在对一批申报为“铬矿”的国际中转货物查验时，发现箱内上层覆盖黑褐色渣矿，下层夹藏3包疑似濒危物种犀牛角。经鉴定，确认为犀科动物角制品，共计126块、39415.8克（约39公斤）。犀科动物所有种均被列入《濒危野生动植物种国际贸易公约》（CITES）附录，我国相关法律明确禁止非法贸易、携带、邮寄濒危物种及其制品进出境，情节严重构成犯罪的将依法追究刑事责任。"
"Jun 10, 2025 @ 00:00:00.000","雷军辟谣小米驾校车祸传闻，称将追究造谣责任","科技数码","2025年6月10日，针对近期网络传播的“小米汽车高阶驾驶培训发生致命车祸”传闻，小米创始人雷军及高管集体发声辟谣。雷军表示，培训中因学员挑战高强度工况偶有状况属正常，这正是培训的价值所在，但近日大量小号在各平台散播谣言，捏造伤亡、污名化培训项目，性质极其恶劣，将启动法律程序追究造谣者责任。小米集团公关部总经理王化称已完成取证并启动法律程序，小米汽车副总裁李肖爽也强调谣言严重误导公众，将依法追责。"
"Jun 10, 2025 @ 00:00:00.000","成都高新区企业交大铁发成功登陆北交所","科技数码","2025年6月10日，成都高新区企业四川西南交大铁路发展股份有限公司（简称交大铁发）成功登陆北京证券交易所，成为北交所今年首家IPO过会企业，也是成都高新区今年新增的第2家A股上市公司。交大铁发成立于2005年，是轨道交通基础设施安全智能产品及装备领域的国家级专精特新“小巨人”，主要从事轨道交通智能产品及装备研发、生产、销售及专业技术服务，产品广泛应用于高速铁路、普速铁路、城市轨道交通等领域。公司曾两度在新三板挂牌，2024年6月申报北交所，2025年3月过会。本次发行价8.81元/股，发行1909万股（不含超额配售），募资1.68亿元，将用于生产新建、研发中心建设等项目。上市首日开盘涨284.79%，总市值25.88亿元。2022至2024年，公司营收分别为2.35亿、2.73亿、3.35亿元，净利润持续增长。成都高新区在政策、人才、资源对接等方面为其上市提供了全方位支持。"
"Jun 10, 2025 @ 00:00:00.000","70岁任达华现身山东麦田体验农活获赞","娱乐圈","近日，70岁香港演员任达华在山东拍戏期间回到祖籍济宁市，恰逢小麦成熟收割期，他换上布鞋深入田间体验农活，装麦袋、搬粮食动作利落不输年轻人，还拍摄麦穗特写称要“给香港朋友看真正的丰收”。劳作中他感慨“只有站在这里才明白什么是根的感觉”，提及爷爷生前常托人从山东带面粉到香港，家中至今保留山东面食风味。离开时他特意装一捧麦粒，说要“带回去给女儿看爷爷家乡的麦子”。尽管白胡显沧桑，但他肌肉结实、状态饱满，田间身影既展硬汉本色，更流露对故乡的深切眷恋。"
"Jun 10, 2025 @ 00:00:00.000","加拿大鹅任命ZARA前高管为中国区总裁","穿搭美妆","加拿大鹅近日宣布任命谢霖为中国区总裁，全面负责中国内地市场直营业务，她将常驻上海并向亚太区总裁汇报。谢霖此前在ZARA母公司Inditex集团有超15年领导经验，曾任大中华区中南区副总裁兼董事总经理，统筹过ZARA零售、电商及营销等业务。此次任命被视为加拿大鹅自2018年入华后强化本土团队的举措。值得注意的是，这是2022年以来加拿大鹅第三次调整中国区总裁人选。2025财年数据显示，其全球营收13.484亿加元（同比增1.1%），大中华区营收4.27亿加元（同比增1.0%，固定汇率下滑1.7%），亚太其他市场成增长主引擎（同比增31.4%）。目前加拿大鹅在大中华区拥有超25家专门店，未来将推进品牌定位、零售网络及本土化ESG计划。"
"Jun 10, 2025 @ 00:00:00.000","商家售卖北大未名湖湖水引争议，校方要求下架","生活方式","近日，线上二手交易平台出现多个商家售卖北京大学未名湖湖水，每500毫升标价20元至近百元不等，部分商家称“带拍摄视频，包邮”，并宣传湖水对植物生长有神奇效果、可调节空气湿度、提振精神激发智慧等（标注“慎购，仅供观赏”）。6月10日，北京大学保卫部回应表示，学校不允许取用未名湖水售卖，将联系商家下架相关商品，同时呼吁公众若发现类似情况可向学校举报。"
"Jun 10, 2025 @ 00:00:00.000","广州某社区医院电梯使用费引争议，院方回应归属","生活方式","近日，广州天河区吉山社区医院因就医人员使用电梯需单次付费5元引发争议。该医院租用顺谊公寓二三楼，电梯由公寓管理方规定“供住户及商户免费使用，就医人员需付费”。医院回应称收费由公寓制定，资金不归医院；天河区卫生健康局承认此收费“不合理”，系公寓方为避免病人挤占电梯影响住户体验而设，但医护陪同就医者可免费用。目前医院正与公寓协商长期解决方案，可能通过医院统一付费免除个人收费，不过协商期间就医人员仍需自行承担电梯费。"
"Jun 10, 2025 @ 00:00:00.000","福建南安燃气爆燃致2死5伤，含19岁务工女性","日常琐事","6月9日22时30分，福建南安市水头镇下店村一栋三层自建房发生疑似燃气爆燃事故，导致房屋倒塌，造成2人死亡、5人受伤（伤者送医后生命体征平稳）。死者为72岁和19岁两名女性，经官方核实，19岁死者为当地务工人员，并非高考生，此前网传其为刚参加完高考的学生系谣言。初步调查显示，事故疑似因电力施工（非居民操作）导致燃气管道破裂引发，目前具体原因仍在进一步调查中，事发后当地已关停燃气并开展善后处理。"
"Jun 10, 2025 @ 00:00:00.000","广西高考接送车侧翻致7人受伤，无生命危险","日常琐事","6月9日20时40分许，广西贵港市平南县国道G241平山镇路段发生一起交通事故，一辆接送高考学生的大巴车与迎面驶来的轿车相撞后侧翻。车上为刚结束高考返回平山镇的考生，事故造成5人轻伤、2人轻微伤（含4名学生），无人员死亡。伤者已迅速送医治疗，目前事故调查工作正在进行中。网传视频显示，碰撞后大巴车侧翻，有学生蹲坐路边，小臂可见擦伤痕迹。"
"Jun 10, 2025 @ 00:00:00.000","三男子翻栏进入汉长城遗址被景区批评教育","线下活动","6月8日下午，三名男子翻栏进入汉长城遗址，被工作人员及时制止。6月10日，玉门关景区工作人员回应称已对三人进行批评教育和保护遗址宣传，并表示若破坏墙体会严肃追责。汉长城建于西汉元鼎六年（公元前111年），距今2100多年，属国家级文物保护单位，被列入第一批国家级长城重要点段。文物保护单位负责人指出，根据法规，未造成本体不可修复损坏的违规行为只能口头教育，此前曾有越野车队因进入保护区域被罚10万元。"
"Jun 10, 2025 @ 00:00:00.000","贵州男子疑因感情纠纷毒杀子女后自杀未遂","两性情感","2025年6月10日，贵州一起“亲爸毒杀儿女后自杀未遂”的灭门悲剧引发关注。32岁父亲黄某飞因婚姻矛盾，将农药灌进10岁儿子和7岁女儿口中，致两孩子死亡，自己喝药未死后被警方控制。其与妻子2014年打工相识，婚后因赌博、家暴、直播互动被怀疑出轨等问题矛盾不断，离婚冷静期内更升级为非法拘禁并威胁妻子，最终将无辜孩子作为婚姻牺牲品，酿成家庭惨剧。"
"Jun 10, 2025 @ 00:00:00.000","北大毕业生拟录用为燃气公司抄表维修工","职场","近日，四川泸州华润兴泸燃气有限公司拟录用北大毕业生等担任抄表维修工引发关注。据公司通报，5月22日其在川南人才网发布招聘3名抄表维修工的公告，要求大专及以上学历、45岁以下、专业不限，经报名、资格审查、面试等程序，拟录用人员包括24岁爱丁堡大学国际关系硕士曾某某、41岁北京大学国际经济与贸易成人教育本科生罗某及39岁四川师范大学艺术设计专科生汪某某，名单于6月6日公示。公司称招聘属实，罗某有15年能源行业管理经验，岗位需对接智能系统升级，高学历者在数据分析等方面更具优势，未来岗位可能调整。此事引发网友对学历与职业关系、年龄限制等讨论。"
"Jun 10, 2025 @ 00:00:00.000","人社部宣布取消灵活就业人员参保户籍限制","职场","2025年6月10日，人社部在国新办新闻发布会上宣布全面取消灵活就业人员在就业地参加社会保险的户籍限制，重点覆盖灵活就业人员、农民工、新就业形态人员、高校毕业生等群体，同时实施更灵活的参保缴费方式，引导有条件者在就业地或户籍地参加企业职工养老保险，并稳妥扩大新就业形态人员职业伤害保障试点。这一政策打破了长期存在的户籍壁垒，惠及约3亿城镇常住非户籍人口，灵活就业者凭身份证、居住证即可在就业地参保，享受与本地职工同等医保、养老待遇，配套推进社保转移接续“全国通办”、困难群体代缴补贴等措施，助力解决过去因户籍限制导致的参保难、待遇衔接不畅等问题，推动社保向更公平、更可及方向发展。"
"Jun 10, 2025 @ 00:00:00.000","10岁女孩玩网红秋千坠河身亡，家属索赔40万","家庭","2024年3月30日，河南信阳新县某湿地公园内，10岁女孩小徐独自荡网红秋千时不慎跌落河中溺水。监控显示，小徐12时47分51秒落水后挣扎近三分钟，岸边无人察觉施救，直至10分钟后被秋千安装者黄某某发现，最终抢救无效去世。事后，家属起诉秋千安装者黄某某、村委会及乡政府，索赔40余万元。一审认定家属因未尽监护义务担责80%，黄某某因未设安全措施担责15%，村委会因未核查设施安全担责5%，共赔偿17万余元。2025年6月9日，二审驳回双方上诉，维持原判。"
"Jun 10, 2025 @ 00:00:00.000","福建南安民房倒塌遇难者含祖孙两人","家庭","6月9日22时30分，福建南安市水头镇下店村发生疑似燃气管道破裂爆燃事件，致一栋三层民房倒塌。截至6月10日，事故造成2人遇难、5人受伤（伤者生命体征平稳）。此前有消息称遇难者为刚结束高考的女生和其祖母，经南安官方核实，两名遇难者均为女性，分别是72岁的奶奶和19岁已参加工作的孙女（非今年高考生）。事故发生后，当地迅速组织应急、消防、公安、医疗等部门开展救援，目前现场救援已结束，原因调查和善后处理正有序推进。附近居民反映事发时听到巨响，部分房屋玻璃被震碎受波及。"
"Jun 9, 2025 @ 00:00:00.000","樊振东时隔半年重返乒超联赛上演大逆转","运动","2025年6月9日，2025赛季中国乒乓球俱乐部超级联赛拉开战幕，樊振东时隔半年（上一次参赛为2024年12月）重返乒超。近日，他与许昕一同现身河北雄安新区积极备战，两人同属上海地产集团队。值得关注的是，樊振东将开启“双线作战”模式——除了参加乒超联赛第一阶段（6月9日至11日在雄安体育中心体育馆举行），还将加盟德国萨尔布吕肯俱乐部，参与2025-2026赛季德国乒乓球甲级联赛和欧洲冠军联赛，引发国内外广泛关注。"
"Jun 9, 2025 @ 00:00:00.000","黄杨钿甜父亲关联公司进入注销程序","娱乐圈","近日，黄杨钿甜父亲杨伟曾关联的深圳市水瓷慕美妆贸易有限公司（曾用名益善堂（深圳）生物科技有限公司）进入注销程序，公告期自6月6日至7月21日，注销原因为决议解散。该公司成立于2020年4月，注册资本1000万元，经营范围涉及美妆、生物制品等。值得注意的是，5月14日杨伟已卸任公司法定代表人、执行董事、总经理并退出股东，同时司玲霞卸任监事；此后公司因“通过登记的住所或经营场所无法联系”被龙岗市监局列入经营异常名录。深圳市监局回应称，杨伟退股程序合规（5月13日材料补正后于次日工作时间完成审批），但退股时间与“天价耳环”争议回应仅隔两天，且公司后续经营异常，引发公众对利益输送、规避责任的猜测。"
"Jun 9, 2025 @ 00:00:00.000","山西长治高考醉酒考生事件被证实为谣言","日常琐事","近日，网络流传“山西长治高考现醉酒女生”的消息引发关注。6月8日上午，该消息在今日头条等平台传播，经长治市招考管理部门多方核实，确认该事件发生地并非长治，系不实信息。当地教育局及考试机构随后发布声明，明确高考期间未发生类似情况。此次谣言传播提醒公众，面对网络信息需保持理性，做到不造谣、不信谣、不传谣，共同维护清朗网络环境。"
"Jun 9, 2025 @ 00:00:00.000","北大回应韦东奕健康问题呼吁保护学者","职场","近日，北京大学“韦神”韦东奕开通个人社交账号引发广泛关注，截至6月9日粉丝量已突破2300万。其视频中牙齿缺失等情况引发网友对健康的担忧。北大数学科学学院及北京国际数学研究中心回应称，韦东奕存在严重牙周问题，近三年每年参加学校体检，其他结果正常；学校已多次派人陪同其就诊，医生会诊并提出治疗方案，下一步将帮助积极治疗。家属透露其患牙周炎曾多次治疗，今年会再陪诊，且其虽从小不吃荤但保证鸡蛋、牛奶等蛋白质摄入。北大感谢公众关心，呼吁共同保护学者专心治学的宁静环境，让其心无旁骛投入教学科研。"
"Jun 9, 2025 @ 00:00:00.000","80后张桥出任苏州大学校长","职场","2025年6月9日，“80后”张桥正式出任苏州大学校长。张桥1982年6月生，本科、硕士就读于中国科学技术大学，后赴美获加州大学河滨分校化学博士学位，并在加州大学伯克利分校从事博士后研究。2014年回国加入苏州大学，历任功能纳米与软物质研究院副院长、国际合作交流处处长等职；2020年起转入地方任职，先后任昆山市副市长、苏州市副市长，2024年5月任江苏省科技厅副厅长。此次履新后，43岁的张桥成为苏州大学1982年更名以来最年轻校长，也是全国211大学中首位“80后”校长。"
"Jun 8, 2025 @ 00:00:00.000","高芙逆转赢得法网女单冠军，萨巴伦卡赛后落泪","运动","2025年6月8日，法网女单决赛中，高芙与世界第一萨巴伦卡展开激烈对决，高芙经过三盘苦战以2-1逆转取胜，首夺法网冠军，这也是她职业生涯第二座大满贯奖杯。比赛过程跌宕起伏，萨巴伦卡首盘抢七险胜后，高芙调整状态连下两盘完成逆转。赛后颁奖仪式上，萨巴伦卡情绪激动、泪洒赛场，直言“这是最糟糕的比赛”，但仍大度祝贺高芙“在艰难条件下表现更出色”，并向团队致歉，展现出真性情。高芙则在夺冠后难掩激动，肯定对手的坚韧，两人的对决成为法网又一经典。"
"Jun 8, 2025 @ 00:00:00.000","安徽泾县通报游客被打事件：涉事3人被拘，5名公职人员被追责","旅行","2025年端午假期，江苏游客蔡某一家在安徽泾县桃花潭景区附近公共停车位停车时，遭附近“佳乐农家土菜馆”老板要求必须就餐否则不能停车，拒绝后双方发生口角，老板叫来店内人员围殴蔡某，其4岁女儿被吓哭。蔡某身体多处受伤，报警后经派出所协调，打人者家属道歉并赔偿500元。事件因视频上网引发关注后，6月6日泾县文旅局发布通报，承认旅游市场管理存在不足，向蔡某一家致歉，成立工作专班全面调查并严肃处理，承诺加强市场秩序管理。目前涉事3人被行政拘留，5名相关公职人员因管理失职被追责。"
"Jun 8, 2025 @ 00:00:00.000","游客饭店门口停车被围殴后，县长开会整治旅游市场","旅行","2025年6月1日端午假期，江苏镇江游客蔡某携家人在安徽泾县桃花潭景区附近公共停车位停车时，因拒绝餐馆老板“必须就餐才能停车”的要求发生争执，遭老板纠集人员围殴，致身体多处受伤、女儿受惊吓。事件经网络曝光后引发关注，6月7日泾县文化和旅游局成立专班调查并致歉，承认旅游市场管理存在不足；同日下午，县长许立勋主持召开全县旅游市场秩序整治工作会议，要求聚焦短板弱项，从严从紧规范旅游经营行为，强化责任落实，推动服务保障常态化，以重塑旅游市场环境。"
"Jun 8, 2025 @ 00:00:00.000","贵州毕节玉米地突现深坑，镇政府称将回填","大自然","2025年6月6日，贵州毕节市金沙县一玉米地被网友视频曝光出现“一眼看不到底”的深坑，网友推测与煤矿开采有关，视频显示深坑靠近田间小路，有村民称“真的看不到底”，发布者否认是古墓或溶洞。6月7日，后山镇政府澄清深坑位于相邻的源村镇，源村镇政府表示辖区有煤矿但不确定是否采空区，会核实调查。6月8日，源村镇政府称已派领导到现场查看，目前深坑原因不明，需技术单位出具说明，计划回填，未测深度，周围已设警示标志提示勿靠近。"
"Jun 8, 2025 @ 00:00:00.000","比亚迪回应常压油箱争议：已全部切换高压油箱方案","科技数码","6月8日，比亚迪集团品牌及公关处总经理李云飞回应“常压油箱”和“车圈恒大”争议，称2021-2023年采用的常压油箱方案符合法规要求，通过定期启动发动机运转3-5分钟燃烧燃油蒸汽实现排放合规，后因部分客户反馈发动机定期启动体验不好，已全部切换为高压油箱方案。同时提到浙江某头部车企2018-2023年多款PHEV车型也采用常压油箱方案。关于“车圈恒大”争议，比亚迪表示河北某车企恶意举报，经证券交易所及监管部门调查确认无问题，欢迎同行监督，但保留对恶意举报等不正当竞争行为追责的权利。"
"Jun 8, 2025 @ 00:00:00.000","韦神短视频账号粉丝破2000万，家属称后续将自主运营","科技数码","近日，北大“韦神”韦东奕在短视频平台开设个人账号，账号经实名认证并标注“韦东奕本人账号”，由家人协助注册。账号仅发布一条4秒的自我介绍视频，内容为“大家好，我叫韦东奕，这是我的账号”，引发广泛关注。截至6月8日，该账号粉丝已突破2000万。其堂哥证实账号真实，称开设初衷是促进韦东奕与外界交流，后续将自主运营，以短视频、直播等形式分享数学知识，减少此前关于他的不实传言。"
"Jun 8, 2025 @ 00:00:00.000","锦州动物园白眉长臂猿因高考暂停展出","宠物","2025年高考期间（6月7日至9日），辽宁锦州动物园因白眉长臂猿生性喜鸣叫，为避免其玩耍高兴时的叫声影响附近考生，决定暂停该物种对外展出。动物园北门与锦州市第一高级中学仅一街之隔，距北门约800米处还有锦州市第三初级中学。尽管展馆内未看到白眉长臂猿身影，但视频中仍能听到其叫声，引发网友调侃“太逗了，不让人家叫了还”。园方表示仅白眉长臂猿展区暂停开放。白眉长臂猿是国家一级重点保护野生动物，野外种群数量比大熊猫还少，十分珍稀。"
"Jun 8, 2025 @ 00:00:00.000","马斯克父亲现身莫斯科论坛引争议","娱乐圈","2025年6月7日，马斯克父亲埃罗尔·马斯克抵达莫斯科，将出席6月9日至10日举行的“未来2050国际论坛”，并就太空、火星探索及未来科技等议题发表演讲，同场嘉宾包括俄罗斯外长拉夫罗夫。敏感时刻，埃罗尔在接受俄媒采访时评价儿子埃隆与特朗普的“口水仗”是错误，称这是“明天就会结束的小事情”，解释双方因五个月高压状态疲惫压力大所致，并明确表态“特朗普必将获胜，埃隆犯了错误”。此前6月6日他也回应争执像“雄性争夺支配地位”的冲突，建议马斯克承认特朗普会“赢下这一轮”，还对埃隆提及特朗普与爱泼斯坦文件的言论表示不解，认为可能是“愚蠢错误”，并曾发信息让儿子冷静。"
"Jun 8, 2025 @ 00:00:00.000","张韶涵励志歌曲成高考应援神曲","娱乐圈","近期高考期间，张韶涵多首励志歌曲如《隐形的翅膀》《欧若拉》《破茧》等成为考生应援神曲，被广泛用作应援视频背景音乐，她因此被戏称为“高考最忙的人”。这些歌曲因积极向上的歌词（如对梦想的执着、光明的信念）和激励旋律，成为考生备考的精神支柱，缓解压力、提振信心。考生和家长还通过改歌词、当闹钟、考场外放等二创方式表达对歌曲的喜爱。张韶涵本人在社交平台回应，录制视频为考生加油，称“高考战歌”已准备好。教育专家指出，适当的励志音乐能帮助考生调整心态、提升专注，张韶涵的歌曲恰好扮演了这一角色。"
"Jun 8, 2025 @ 00:00:00.000","富士康工人王金永白天打工晚上直播走红","生活方式","成都富士康工人王金永近日因白天打工、晚上公园唱歌走红网络。他40岁左右，白天在富士康工作，下班后到郫都区公园驻唱，凭借随性松弛的演唱风格和爆发力十足的歌声（擅长流行、摇滚等经典老歌），半个月内涨粉70万，视频播放量超千万、点赞数百万，被网友称为“成都的郭有才”。面对经纪公司签约、直播带货等邀约，他明确拒绝，表示“不想让唱歌商业化”，坚持将其作为纯粹爱好，同时稳定在富士康工作。因粉丝暴增导致现场人数过多，目前公园演出已被管理方紧急叫停。"
"Jun 8, 2025 @ 00:00:00.000","成都深夜多车相撞事故致3人受伤，警方通报原因","日常琐事","6月7日23时06分许，成都市锦江区海椒市街发生一起交通事故，一辆小型汽车（驾驶员任某某，男，54岁）与同路段的一辆自行车及四辆小型汽车碰撞，造成自行车骑行者骨折、两名驾乘人员轻微受伤（共3人受伤），一辆自行车及五辆小型汽车受损。目击者称肇事车辆为白色网约车，事发时速度较快，撞了多辆汽车和共享单车，部分车辆车门变形，共享单车被碾。警方接警后迅速处置，任某某已被依法控制，初步调查排除其酒驾、毒驾嫌疑，事故系其驾驶过程中操作不当致车辆失控引发，目前公安机关正进一步调查处理中。"
"Jun 8, 2025 @ 00:00:00.000","长沙高校宿舍暴雨被淹，学生紧急转移","日常琐事","6月7日晚，湖南长沙突降暴雨，湖南中医药大学含浦校区部分学生宿舍进水，积水最深至脚踝，有学生因担心积水加深选择去酒店过夜。8日上午校园道路积水已退，但一楼宿舍仍有淤泥和脏物需清理，部分快递货架残留明显积水印记。有学生反映该宿舍楼两年内已被淹三次，且暴雨导致停电停水。校方已召开调度会，正组织后勤人员进行清淤及消杀处理。"
"Jun 8, 2025 @ 00:00:00.000","比亚迪指控同行恶意举报，称将追责","职场","近期，比亚迪针对网络黑公关发起强力反击，公布多起维权成果：多个网络账号因散布不实信息、恶意诋毁企业及高管，被法院判决侵犯名誉权或构成不正当竞争，部分账号被公安机关处罚或立案调查。目前已有37个账号进入法律程序，126个账号纳入“黑号观察名单”，相关内容均完成证据保全。比亚迪自2021年起设立5万至500万元悬赏机制打击黑公关，长期有效。品牌及公关负责人强调，公司接受批评监督，但对黑公关和黑媒体零容忍，必将依法追责到底，旨在维护品牌声誉、推动行业健康发展并净化网络环境。"
"Jun 8, 2025 @ 00:00:00.000","安徽五胞胎参加高考，校方称有望冲击一本","家庭","2025年6月7日，安徽安庆2006年出生的龙凤五胞胎“五福娃”（陈鑫雅、陈圣奥、陈杰欧、陈渔美、陈灿菲）同赴高考，分至安庆九中与石化一中考场。这对安徽首例五胞胎的成长一路充满艰辛与社会温情：3岁时父母带其进城租房陪读，父亲打工、母亲“一拖五”照料生活学习，年多胞胎补助仅够房租，近年连牛奶都舍不得买；幼儿园由政府机关幼儿园免费接收，小学被分至不同班级避免干扰；高中就读育才中学，校方免除三年学费、生活费及专业培训费超50万元。校方称其艺考成绩不错，部分有望冲刺一本，家长感慨“进考场即成功一半”。"
"Jun 7, 2025 @ 00:00:00.000","德约不敌辛纳止步法网半决赛 赛后或最后一次参赛","运动","2025年法网男单半决赛于6月7日凌晨进行焦点战，38岁的德约科维奇挑战世界第一辛纳。此前双方交手8次各赢4场，辛纳近5次交手4胜且硬地赛场对德约三连胜，而德约在红土唯一一次交手曾胜辛纳。辛纳自去年美网起大满贯19连胜，状态火热；德约法网状态回升，第51次闯入大满贯四强。最终德约不敌辛纳止步半决赛，赛后或为其最后一次参赛。"
"Jun 7, 2025 @ 00:00:00.000","樊振东加盟德甲联赛 乒超德甲双线作战引关注","运动","2025年6月1日，德国乒乓球甲级联赛萨尔布吕肯俱乐部官宣中国奥运冠军樊振东加盟，将征战2025-2026赛季德甲联赛及欧洲冠军联赛。作为巴黎奥运会男单冠军，樊振东目前处于奥运后调整期，此次加盟旨在通过与莫雷加德、弗朗西斯卡等国际高手的高强度对抗提升竞技状态，弥补国内联赛打法单一的不足，同时为未来大赛积累实战经验。中国乒协表示理解并支持其决定，强调国家队赛事仍为核心任务，樊振东也将参加今年前两阶段乒超联赛，实现德甲与乒超双线作战。德国驻华大使馆发文祝贺，称其加盟将为欧洲联赛增添光彩。此前樊振东因调整状态退出世界排名但明确不退役，此次留洋被视为其职业生涯重要尝试，或为中国乒坛“走出去”战略提供新标杆。"
"Jun 7, 2025 @ 00:00:00.000","中国游客京都街头遭砍伤 行凶者仍在逃","旅行","2025年6月6日晚8时左右，一名37岁中国籍观光游客在日本京都市下京区五条大桥附近步行道遭陌生男子持刀砍伤，当时该游客正与约20名旅行团成员同行。伤者右肩被砍出约15厘米长伤口，失血量超800毫升，目前意识清醒。行凶男子身高约175厘米、戴眼镜、作案时穿白色T恤，作案后逃逸。日本警方已将此案作为杀人未遂事件展开调查，全力追查其行踪。事件引发对海外旅游安全的关注。"
"Jun 7, 2025 @ 00:00:00.000","安徽泾县游客停车纠纷引发肢体冲突","旅行","2025年6月1日，江苏游客王先生一家在安徽泾县桃花潭景区附近公共停车区停车时，遭当地“佳乐农家土菜馆”工作人员要求“必须消费才能停车”，王先生拒绝后双方发生争执，进而升级为肢体冲突，饭店五名员工围殴王先生，其四岁女儿目睹全程受惊。事件初期，涉事方家属曾试图以500元和解，但被警方撤销。经调查，涉事车位为政府公共配套设施，饭店无停车场管理资质。6月6日，泾县多部门确认，饭店老板张某及2名员工因涉嫌寻衅滋事罪被刑拘，3人行政拘留15日，饭店被停业整顿并罚款10万元。6月7日，泾县政府发布综合治理通告，宣布7月1日前完成车位智能化改造，成立“旅游110”联合执法专班，并建立旅游从业者“黑名单”数据库，以规范景区周边管理，避免类似事件发生。"
"Jun 7, 2025 @ 00:00:00.000","日本旅游安全事件引发跨境出行关注","旅行","2025年6月6日晚8点左右，日本京都市下京区五条大桥附近发生一起恶性伤人事件，一名37岁中国男性游客与约20人旅行团步行时，遭陌生男子持刀砍伤，伤口从右锁骨延伸至侧腹部，长达15厘米。伤者经治疗后已无生命危险并出院，嫌疑人身高约175厘米、体型偏瘦、案发时穿白色T恤戴眼镜，作案后逃离现场，警方已将案件定性为杀人未遂并全力追捕。此次事件引发对日本旅游安全的关注，中国驻日使领馆已介入协助，此前曾发布安全提醒指出日本近期恶性治安案件增多，提醒游客加强防范，避免夜间单独前往偏僻地区，遇纠纷及时报警。"
"Jun 7, 2025 @ 00:00:00.000","建筑商拖欠千万薪资获刑 工程款纠纷持续发酵","职场","2025年2月28日，河南清丰县建筑商申某某因拒不支付劳动报酬罪一审获刑16个月，其家属上诉称系“未收到全部工程款”且被“哄骗”签署结算表。申某某2018年以实际施工人身份承接冶都春天里项目，原合同价1.1亿元，但因人工、材料费上涨及疫情等因素致成本超1.8亿元，多次申请调价未果，2023年12月在工人讨薪压力下签署1.43亿元结算表，家属称发包方承诺“先签字后调价”未兑现。法院认定其挪用工程款致拖欠约1400万元工资。此事件暴露建筑行业工程款结算争议、农民工权益保障等深层矛盾，近期建筑领域欠薪问题频发，如沈阳一公司欠百万工钱被拉黑、安徽建工起诉两地政府追讨2.46亿工程款等，凸显行业“三角债”及欠薪刑事风险。"
"Jun 7, 2025 @ 00:00:00.000","金穗春操纵股票被罚1.06亿 遭5年市场禁入","职场","2025年6月6日，证监会披露行政处罚决定书，金穗春因操纵股票被罚没合计1.06亿元并被采取5年证券市场禁入措施。经查，涉案期间金穗春实际控制多个他人证券账户，利用持股、资金优势，通过连续交易、在自己控制账户间交易等手段影响股票价格，违法所得5302.45万元。其行为违反《证券法》相关规定，构成操纵市场情形。金穗春曾就账户认定、操纵期间等提出申辩，部分账户认定意见被采纳，其余未采纳，最终证监会决定没收违法所得并等额罚款，同时禁入市场5年。"
"Jun 7, 2025 @ 00:00:00.000","2025高考作文题公布 聚焦古人修身与时代精神","阅读","2025年全国高考语文作文题于6月7日公布，各卷紧扣时代主题，注重文化传承与思辨能力考查。全国一卷以老舍、艾青、穆旦作品构建“苦难-抗争-新生”叙事链，聚焦民族精神与家国情怀，引导考生思考个体与集体共生、历史与现实呼应；全国二卷以古诗引出“梦”的多元意涵，强调“将梦赠予他人”的共享价值与时代号召；北京卷微写作要求设计“听古人修身智慧，做当代谦谦君子”宣传语等，融合传统文化与现代表达，大作文则涉及“第二次呼吸”的突破精神与“数字闪耀时”的生活细节；上海卷思辨“专”“转”“传”关系，探讨专业知识通俗化传播与经典沉淀；天津卷以车轮辐条隐喻团结协作，联系团队合作与社区治理。试题整体突出价值引领与思维开放，避免套路化，强调真情实感与个性化表达。"
"Jun 7, 2025 @ 00:00:00.000","全国高考报名人数达1335万 语文试题引热议","阅读","2025年全国高考报名人数为1335万人，较2024年减少7万，为2017年以来首次下降。此次减少主因是职业教育发展，中高职贯通、五年一贯制、中本贯通等长学制培养模式推进，部分职教生完成中职段后直接升学，不再参加职教高考，从而分流了报名人数。教育部指导各地全力保障“平安高考”，开展净化涉考环境、打击作弊等专项行动，强化安检和考点信号屏蔽；通过“2025高考护航行动”做好交通、食宿等服务，并为1.4万余名残障考生提供便利，包括为12省份16名盲人考生命制盲文试卷。"
"Jun 7, 2025 @ 00:00:00.000","平壤突发网络中断事故 技术故障已修复","科技数码","当地时间2025年6月7日上午，朝鲜首都平壤因技术原因突发网络中断，随后经过技术调试，目前已恢复正常。此前有消息称中断期间网络仍不时不稳定，技术调试持续进行，预计当日内可恢复，后续确认已恢复正常。"
"Jun 7, 2025 @ 00:00:00.000","马斯克父亲公开喊话 呼吁缓和与特朗普矛盾","家庭","2025年6月5日，马斯克与特朗普公开爆发“口水战”，双方言辞激烈，特朗普称马斯克“疯了”，马斯克则指责特朗普“忘恩负义”；6日特朗普继续攻击，称马斯克“可怜”“有问题”并暂不同其通话。马斯克父亲埃罗尔·马斯克同日接受采访，评价这场争执“过头了”，将其比作“雄性争夺支配地位”的冲突，建议马斯克接受特朗普作为当选总统的“统帅”身份，承认特朗普会“赢下这一轮”，并表示已敦促儿子“该说的都说了，现在必须让事态平息下来”，认为特朗普不会因此记仇。"
"Jun 6, 2025 @ 00:00:00.000","福山：被毫不留情抛弃的马斯克","科技数码","近期，马斯克在美国政坛的尝试以失败收场。他曾在特朗普政府领导“政府效率部”，试图用“硅谷思维”改革复杂的华盛顿政治生态，却因忽视权力体系与利益集团的盘根错节陷入孤立，与政府官员不和，个人声誉受损，连带特斯拉遭抵制。马斯克坦言在官僚体系中遇挫远超预期，甚至成为“替罪羊”，最终选择辞职并减少政治支出。戏剧性转折是，其退出政坛后，美媒负面报道骤降，利益集团转而认可其科技价值，五角大楼恢复与SpaceX卫星合同谈判，NASA前官员也肯定商业航天价值，因马斯克专注星链、人形机器人等科技项目更利于利益增长。"
"Jun 6, 2025 @ 00:00:00.000","迅雷回应收购虎扑：支持团队独立经营","科技数码","2025年1月，迅雷宣布以5亿元现金收购体育社区平台虎扑运营方上海匡慧网络科技有限公司，原计划上半年完成交易。6月4日，迅雷公告称已完成收购，交割前支付了4亿元，剩余1亿元将在交易完成后12个月和24个月分两期支付。虎扑成立于2004年，曾是国内体育社区头部平台，用户超1亿（90%为男性），最高估值达77.22亿，但因两次上市失败、增值创新不足及外部因素陷入发展困境。迅雷表示，收购旨在发挥自身在互联网内容传输领域的用户基础和技术优势，结合虎扑的优质体育内容与活跃社区，促进内容下载、社区互动及体育消费，进一步丰富内容生态并提升用户体验。"
"Jun 6, 2025 @ 00:00:00.000","特斯拉股价暴跌创史上最大单日跌幅","科技数码","2025年6月5日（美东时间），特斯拉股价因马斯克与特朗普公开决裂遭重挫，单日暴跌逾14%，创下史上最大单日跌幅，市值蒸发约1520亿美元（约合1.09万亿人民币），跌破1万亿美元门槛。此次暴跌源于二人围绕特朗普支持的税收与支出法案（含削减电动车税收抵免等条款）的分歧升级，特朗普威胁终止马斯克旗下公司的政府补贴和合同，引发市场担忧。当日特斯拉看跌期权合约交易量达401万份，创纪录且为20日平均水平四倍多。今年以来，特斯拉股价累计下跌近30%，还面临欧洲销量下滑、品牌声誉下降及无人驾驶叫车服务推出压力等问题。"
"Jun 6, 2025 @ 00:00:00.000","王自如离开格力后宣布AI领域二次创业","科技数码","2025年6月5日，前格力高管王自如在微博预告将公开离开ZEALER、格力及选择AI领域二次创业的原因，6月6日他发布视频详细回应，称2020年加入格力是因产业互联网机遇，虽用几年时间重塑销售、仓储、物流等体系，但过程艰辛且有羁绊；当想融入最新AI技术时，决定离开并以创业者身份回归，宣布二次创业聚焦AI应用，助力传统产业数字化升级，坦言“确实来钱快”。他还感谢董明珠、雷军的支持，此次是去年12月后首次公开亮相，形象较之前更显精神，引发网友关注。"
"Jun 6, 2025 @ 00:00:00.000","重庆百果园与鲜丰水果店爆发砸西瓜荔枝大战","日常琐事","2025年6月5日，重庆财信城市国际小区附近的百果园与鲜丰水果店爆发冲突，两店工作人员互砸西瓜、荔枝，现场水果满地狼藉，红瓤白肉散落一地。冲突中，有大妈趁乱捡走地上的荔枝，而争执双方因情绪激动未加制止。据百果园门店工作人员称，两店因位置相近引发边界问题起争执；另有说法称系价格战升级，百果园低价策略吸引顾客导致鲜丰不满。此次冲突造成两店损失约一两千元，水果本可售予顾客，却因争执沦为满地狼藉。"
"Jun 6, 2025 @ 00:00:00.000","河北麦田被投放金属物致收割机受损","日常琐事","近日，河北邯郸临漳县一处麦田被投放金属尖锐物致收割机受损事件引发关注。6月5日6时40分许，群众报警称自家麦田内被人投放钢筋、焊有尖锐钢筋的铁板等金属物，导致收割机刀片及护刀器受损（现场可见钢筋卡在刀口，推测为近期放置未生锈）。接警后，临漳县公安局迅速处置，全面排查清理钉状铁器，目前已立案并加紧调查。正值夏收关键期，警方表示将加强作业区巡逻防控及交通疏导，对恶意干扰夏收的违法犯罪行为“零容忍”，全力保障夏收安全。"
"Jun 6, 2025 @ 00:00:00.000","广州长隆大马戏演员坠落后无生命危险","日常琐事","6月5日晚，广州长隆国际大马戏演出现场发生演出事故，一名演员在表演“魔幻火轮”节目时从大转轮上坠落，现场观众起初以为是节目效果，后见工作人员慌乱、节目关灯，随后有小丑活跃气氛。属地大石街道办及长隆方面证实，演员因表演失误跌落舞台（有描述为屁股着地或后背着地），事发后被第一时间送医救治，经检查无生命危险，目前已就医或返回宿舍休息。长隆工作人员表示此类事故不常见，日常演出有医务人员保障，6月6日晚演出正常，涉事节目可能替换。"
"Jun 6, 2025 @ 00:00:00.000","西子电梯董事长刘文超突发逝世终年54岁","职场","2025年6月2日，西子电梯科技有限公司董事长兼总经理刘文超在杭州突发坠楼身亡，终年54岁。杭州警方调查后已排除刑事案件，具体原因仍在调查中。事发前三天（5月30日），刘文超还精神饱满地出席公司第九届“安全生产月”活动并致辞，这成为他最后一次公开露面。刘文超1993年大学毕业后进入电梯行业，2008年带领46人团队创立西子电梯科技，将企业从租赁厂房发展为拥有204亩现代化工厂、年产值25亿的行业标杆，市场占有率跻身行业第七，本人曾获“浙江省优秀企业家”等荣誉。其突然离世令行业痛惜，关于死因，网友猜测与压力或心理健康有关，但相识者否认此说法，目前官方未披露具体原因。6月6日，西子电梯正式发布讣告确认其离世。"
"Jun 6, 2025 @ 00:00:00.000","湖南省机场集团原董事长被撤销政协委员资格","职场","湖南省机场管理集团原党委书记、董事长，省机场管理局局长邱继兴因涉嫌违纪违法，6月6日经政协湖南省第十三届委员会第四十二次主席会议审议，决定撤销其第十三届省政协委员资格，后续将报第十四次常务委员会议追认。此前，邱继兴因4月13日凌晨涉嫌在饭局后性侵醉酒女子被报警，长沙岳麓警方4月18日通报已对其刑拘，案件仍在侦办中。6月2日，湖南机场集团已迎来新任党委书记、董事长，官网及官方微信公众号已撤下邱继兴相关职务信息。"
"Jun 6, 2025 @ 00:00:00.000","潘粤明发文调侃国足无缘世界杯","运动","2025年6月5日，国足在世预赛中客场0-1不敌印尼，提前一轮无缘2026美加墨世界杯。演员、资深球迷潘粤明赛后发文调侃：“48个名额的世界杯还是没我们啥事儿，在家自己踢着玩儿吧…加油⚽️”，引发热议并冲上微博热搜。这并非潘粤明首次批评国足，此前3月国足世预赛8场6败时，他曾怒批部分球员“利用中国人对足球的梦想混饭吃”，甚至调侃“换打游戏的上”。此次看似戏谑的发言，实则暗含对国足长期表现不佳的无奈与痛心，也道出了无数球迷“虽失望却仍存期待”的复杂心情。"
"Jun 6, 2025 @ 00:00:00.000","中国驻日使馆提醒北海道地震频发","旅行","近日，日本北海道太平洋一侧地震频发，5月下旬以来已发生5级以上地震4起，包括5月31日北海道钏路6级地震、6月2日凌晨十胜海域6.3级地震。日本气象厅称千岛海沟周边可能随时发生大规模地震，呼吁加强日常防范。6月6日，中国驻日本大使馆针对此发布安全提醒，建议在日同胞及来日游客加强自身安全防范，学习地震自救知识，储备饮用水、食品等应急物资；提前确认避难场所信息以便灾害发生后快速转移；紧急时密切关注官方预警，遵循当地政府避难指令，并通过“中国领事APP”进行海外公民登记以便联系。"
"Jun 6, 2025 @ 00:00:00.000","长隆国际大马戏魔幻火轮表演突发事故","娱乐圈","2025年6月5日晚，广州长隆国际大马戏在“魔幻火轮”节目表演时发生事故，一名演员从大转轮上坠落，现场观众起初以为是节目效果，后见工作人员慌乱、节目关灯，随后有小丑出来活跃气氛。属地大石街道办及长隆方面确认，演员因表演失误坠落，屁股着地掉在舞台，事发后被第一时间送医救治，无生命危险。长隆工作人员表示此类事故不常见，日常演出有医务人员保障；6日上午，剧院称演员拍片检查无大碍，已回宿舍休息，并感谢网友关心。"
"Jun 6, 2025 @ 00:00:00.000","日本考虑紧急进口外国大米平抑米价","美食","2025年5月，日本大米价格持续飙升，5公斤装均价超4200日元（约215元人民币），较2024年初涨幅超113%，部分高端品种达5400日元（约270元），创30年来最高。主因2024年极端高温、台风致北海道、九州等地稻米减产20%以上，叠加长期“减耕政策”致产量锐减（从1960年1400万吨降至2024年840万吨），高关税（超700%）限制进口及农协垄断流通推高价格。民众抢购致超市货架空荡、限购，家庭月均大米支出从3000日元激增至9000日元，餐饮业被迫涨价或缩量，甚至出现“克级”配给、大米被盗等“战时”现象。此前政府释放储备米效果有限，5月26日宣布以低价（较中标价低47%）向零售商直接出售30万吨储备米，绕过农协拍卖体系，承担运输费，预计6月初上市（目标5公斤约2000日元），并考虑紧急进口外国大米平抑米价。"
"Jun 6, 2025 @ 00:00:00.000","邯郸警方立案调查麦田破坏事件","线下活动","2025年6月5日6时40分许，河北邯郸临漳县有群众报警称麦田里被人投放金属尖锐物，导致收割机刀片受损。据收割机司机闫女士描述，作业时机器因碰到焊接的尖锐钢筋剧烈震动，护刀器被打坏，地里共挖出六个类似铁疙瘩。承包该地块的农户王先生表示未与人结怨，有收割机手推测可能涉及外地与本地作业竞争。接警后，临漳县公安局迅速出警，全面排查清理钉状铁器，已于6月5日22时通报立案，正加紧调查，并将加强夏收作业区巡逻防控，对恶意干扰夏收的违法犯罪行为“零容忍”，全力保障作业安全。"
"Jun 5, 2025 @ 00:00:00.000","国乒教练王皓竞聘体校教练员岗引关注","运动","2025年6月5日，国乒男队主教练王皓出现在北京先农坛体育运动技术学校2025年公开招聘笔试名单中，引发关注。他此次竞聘的是该校乒乓球队教练员岗，该校为北京市体育局直属事业单位，是培养输送高水平竞技体育后备人才的“人才孵化器”。王皓作为国家队教练，带队成绩突出（巴黎奥运会男单、男团双冠，德班、多哈世乒赛男队表现亮眼），招聘规则中执教成绩排名优先，其竞聘成功概率较大。校方回应称招聘将公平选拔，无论考生身份如何均以能力为主，笔试定于6月8日，通过后还将进行面试或实操考核。王皓竞聘或因八一队解散后无固定归属，国家队教练岗位流动性大，考编可获稳定编制保障，未来或继续借调国家队，形成“梯队培养+大赛实战”的良性循环。此前国乒世界冠军王楚钦已考编入职该校运动员岗，两人或助力体校与国乒的深度绑定及后备人才培养。"
"Jun 5, 2025 @ 00:00:00.000","NBA总决赛或成趋势决定战，雷霆被比作勇士","运动","2025年NBA总决赛将于6月5日开打，由西部冠军雷霆对阵东部冠军步行者，这是两队队史重要突破（雷霆自2012年后首进总决赛，步行者时隔25年重返）。雷霆凭借亚历山大（得分王、西决MVP）、霍姆格伦等年轻核心的超强进攻（场均120.1分联盟第一）和阵容深度，以4-1淘汰森林狼晋级；步行者则靠团队篮球和哈利伯顿的关键表现（多次绝杀），4-2击败尼克斯逆袭东部。雷霆常规赛双杀步行者且坐拥主场优势，被视作新生代崛起的代表，而步行者教练卡莱尔的经验或成变量，这场对决或成NBA新旧势力交替的趋势之战。"
"Jun 5, 2025 @ 00:00:00.000","媒体评论输血问题舆论导向偏差现象","阅读","近期“先献血再输血致病人离世”事件引发舆论关注。院方及卫健委回应称“献血优先”为鼓励性政策，非强制门槛，但因沟通不畅、流程复杂、信息滞后等问题，易被误解为“变相强制”。家属对用血流程（如检测时间）认知不足，叠加过往部分医院执行偏差案例，加剧了公众对医疗透明度的质疑。舆论场中，“家属哭诉”的情绪化表达更易引发共鸣，部分网友将个人经历代入讨论，形成群体极化现象，导致事件真相被情绪掩盖。此次争议折射出互助献血政策执行中的制度短板（如变相强制、灰色产业链）及医患信任裂痕，需通过优化血源管理、明确政策边界、提升医疗透明度及舆论理性引导，重建信任并让“用血救人”回归生命关怀本质。"
"Jun 5, 2025 @ 00:00:00.000","三亚女游客被蛇咬身亡引发安全关注","旅行","6月1日晚，27岁女游客李丽在三亚散步时被绿化带窜出的不明生物咬伤脚趾（疑似蛇咬），随后送医。首诊三亚中心医院初判为虫咬，后因病情恶化转至四二五医院，最终于6月2日清晨抢救无效身亡。家属质疑首诊医院误诊、延误治疗，次诊医院抢救措施不当。三亚市卫健委已介入调查，封存两家医院病历，联合省级专家开展工作，承诺5日内给出结论和处理方案。涉事的三亚中心医院此前多次因重复收费、串换收费被处罚，医疗纠纷频发。专家分析可能为银环蛇（神经毒）咬伤，黄金抢救期极短，提醒被蛇咬后应拍照记录蛇类特征、避免奔跑以减缓毒素扩散。"
"Jun 5, 2025 @ 00:00:00.000","浙江温岭23岁女孩徒步失联后疑似找到","旅行","2025年5月26日，23岁宁波女孩孙某独自前往浙江温岭松门镇大坑沙村徒步观赏“蓝眼泪”（海洋藻类发光现象），当晚失联。其最后身影被公共视频拍到在大坑沙沙滩附近，身着白衣白裤、手持手机，后独自走向玻璃栈道方向进山。家人次日联系不上她后，联合公安、消防及多支民间救援队展开多日地毯式搜救，但因地形复杂、天气影响未果。6月4日中午，孙某的遗体在失踪地点附近被找到，经当地政府工作人员及救援方确认不幸遇难，目前警方已介入调查具体死因。"
"Jun 5, 2025 @ 00:00:00.000","沪漂夫妻加盟曼玲粥店实现月入18万","美食","曼玲粥店作为2012年创立的中式粥店头部品牌，全国门店超1400家，采用加盟连锁模式，以“经典粥品+轻食蒸品+特色小吃”的130+SKU产品矩阵覆盖早餐、正餐、夜宵全时段需求。总部提供定制化营销方案、运营指导及供应链支持，帮助门店优化出餐流程、维护客情、提升品质。如杨先生的门店依托品牌号召力和线上线下融合营销，吸引稳定客流，通过总部专业团队指导实现高效运营，成为创业者成功案例，体现了加盟曼玲粥店在市场中的盈利潜力。"
"Jun 5, 2025 @ 00:00:00.000","全国大范围暴雨预警，多地需防强对流","大自然","近期全国多地发布暴雨及强对流天气预警，6月1日至2日，湖北东部、安徽南部、浙江西北部、湖南西南部、贵州东南部、广西北部、云南西北部、西藏东南部等地出现大到暴雨，局地大暴雨（100-130毫米），伴有短时强降水（小时雨强20-40毫米，局地超50毫米）、雷暴大风等强对流天气；6月2日至3日，广东中南部、黑龙江西部等地部分区域仍有大到暴雨，东北地区中西部等地局地或现10级以上雷暴大风，辽宁中西部不排除龙卷可能。强降雨易引发山洪、滑坡、城市内涝等次生灾害，多地已启动防汛响应，组织群众转移、排查隐患，沿海城市检查排水系统，机场航班或受影响。此外，中国气象局联合人民日报推出“气象护航高考2025”，提供高考期间精准天气预报，公众可通过官方渠道获取实时预警及天气资讯。"
"Jun 5, 2025 @ 00:00:00.000","北京出现今年首个高温日，持续炎热","大自然","2025年6月5日，北京迎来今年首个高温日，最高气温达37℃，由强暖气团控制、晴朗少云及辐射增温共同导致，紫外线强度“极强”。明后两日（6月6日至7日）北京仍维持晴热，最高气温35~37℃，夜间最低24~25℃，呈现“昼夜双热”特点。气象专家指出，6月为北方高温主力季，本轮高温符合季节性特征。防暑方面需避免10:00-16:00长时间暴晒，及时补充含电解质饮品，警惕热射病症状，老人及慢性病患者减少外出。预计6月19日前后雷阵雨或缓解高温，但中旬后期至下旬前期仍可能出现阶段性极端高温，局地或超40℃。"
"Jun 5, 2025 @ 00:00:00.000","江苏家电国补暂停引平台整改升级","科技数码","近日，“江苏家电以旧换新补贴暂停”等消息在社交平台引发关注。6月5日，江苏省商务厅回应称，当前部分平台正进行整改或系统升级，调整完成后消费者可正常领取和使用补贴，各平台及商家将实行限额管理。此前有消息显示，江苏自6月1日起调整国补政策，线上平台（如京东、淘宝等）已暂停国补申领，线下补贴转为按日限额、先到先得；调整或与618大促期间消费激增致资金消耗过快、防止套利行为及优化政策执行有关。"
"Jun 5, 2025 @ 00:00:00.000","成都新能源车机场外自燃无伤亡","科技数码","2025年6月3日，四川成都天府机场外道路上一辆新能源汽车着火，火势集中在车辆上半部分，现场火势凶猛并伴随爆响，有网友称疑似广汽埃安车型。经机场消防扑救，火情被消除，事故未造成人员伤亡。天府机场交警表示相关情况正在调查中，并提醒公众不信谣不传谣。广汽埃安客服称需先确认是否为该公司车辆，如是将有专班跟进处置。"
"Jun 5, 2025 @ 00:00:00.000","34岁网红村花突发脑梗去世，前夫发声","娱乐圈","2025年6月5日，河南34岁网红“村花”侯丽丽因突发急性脑梗去世，引发关注。此前5月28日她还发布凌晨4点帮母亲割麦的视频，画面中大汗淋漓。其前夫王路军在社交平台发文悼念，称陪护多日仍未能救回前妻，“你昏迷三天三夜我三天三夜没咋合眼，两个孩子那么小，你不能丢下他俩”。两人相识16年，离婚后已2年未见面，王路军表示“拼尽全力也没把你拉回来，做到了问心无愧”，并在评论区称“我很爱她，俩孩子更爱她”。侯丽丽与前夫育有两子，前夫账号粉丝超200万。"
"Jun 5, 2025 @ 00:00:00.000","高考临近紫色内裤销量暴涨，家长求彩头","生活方式","2025年6月5日，距离高考仅剩一天，考生家长为求“彩头”掀起购物热潮，紫色内裤和送考旗袍销量暴增。紫色内裤因谐音“紫腚能行”（寓意“指定能行”）成热门，电商平台标有“考试专用‘紫腚行’”等广告语的紫色内裤周销量较平时涨10倍以上，部分款式断货；商家还推出“内裤+文具+袜子+手链”组合套装，印“金榜题名”等祝福语。送考旗袍则因“旗开得胜”“一路绿灯”等寓意爆单，绿色（寓意“一路绿灯”）、红色（“鸿运当头”）、黄色（“金榜题名”）及带锦鲤、竹子图案的款式最受欢迎，部分店铺周销量涨两倍，有家长甚至购买三件旗袍计划高考三天换穿，表达对孩子的美好期待。尽管家长坦言这些“幸运符号”无实质影响，但图个吉利的心态让其愿为孩子买单。"
"Jun 5, 2025 @ 00:00:00.000","星巴克咖啡惊现蟑螂引发卫生质疑","日常琐事","近日，有网友发帖称其朋友5月29日在南京金融城星巴克购买绵云冷萃咖啡，购后在店饮用一小半，剩余咖啡放车上，健身后（约8:40）一口喝完，因车内光线暗未发现异常，后在华采门口强光下发现杯底有大蟑螂。女子反馈门店时，店员否认并表示监控无问题且无歉意。星巴克回应称，核查监控显示当日制作流程规范，顾客购后在店停留约50分钟饮用无异常，离店前两次观察冰杯未见异常；第三方虫害检查未发现相关问题。属地市场监管局6月3日已调查，称门店虫害记录完整、操作规范，相关报告正在整理中。事件引发网友对卫生问题的担忧。"
"Jun 5, 2025 @ 00:00:00.000","香港恒生银行抢劫案新增涉案人员落网","日常琐事","2025年6月2日下午，香港沙田第一城恒生银行分行发生持刀抢劫案，49岁无业本地男子持约30厘米刀具劫持女职员，劫走38.2万港元及外币后逃离，女职员颈部受轻伤。案发后，男子迅速回家更衣，驾车经香园围口岸潜逃至内地。香港警方通过跨境执法协作，于6月3日中午在深圳将其抓获，当晚押回香港。此外，男子34岁的文员女友陪同潜逃，3日下午返港时在口岸因涉嫌“协助罪犯”被捕。调查还发现，男子当日下午曾企图爆窃将军澳清水湾独立屋，被家佣发现后逃离，故另被控“企图爆窃”罪。目前涉案人员均被扣留调查。"
"Jun 5, 2025 @ 00:00:00.000","岳阳情侣订婚后矛盾升级，法院判退彩礼","两性情感","近日，岳阳临湘市人民法院审结一起涉退还彩礼纠纷案。2024年初，小宇与小田经人介绍相恋，同年5月订婚，小宇给付小田家见面礼、三金款等共计8.2万元，交往中另有小额红包、人情往来3.5万元。6月双方因矛盾发生肢体冲突分手，小宇要求返还11.7万元彩礼，小田认为属正常赠予拒不返还。法院审理认定，见面礼、三金款等7.6万元及给女方母亲、弟弟的6000元属以结婚为目的的彩礼（合计8.2万元），而小额红包、酒宴开支等属赠与或生活开支不属彩礼。最终判决小田返还彩礼4.92万元。"
"Jun 5, 2025 @ 00:00:00.000","教师建议设立投诉家长平台引热议","职场","近日，江西瑞金一名教师因一学期内连续遭遇四次离奇家长投诉，通过“问政赣州”平台建议设立投诉家长平台，引发广泛关注。四次投诉包括学生受伤后要求老师每日补课、学生偷窃反诬老师诬陷、没收手机被报警称“偷窃”、学生受处分后家长指责老师“毁其一生”等。事件暴露部分家长滥用投诉权利、教师职业尊严受挑战的问题。当地教体局回应将完善投诉核查机制，对不实投诉及时澄清且不计入教师考核，同时关注教师职业尊严与心理健康。舆论认为，教育需家校互信合作，教师真正需要的是理解与尊重，而非形式上的投诉平台，过度对立最终伤害的是学生成长。"
"Jun 5, 2025 @ 00:00:00.000","河南女生拓展营体罚致死案班主任被诉","职场","2024年6月底，河南南阳王先生将14岁女儿小王送中牟县“柯贞素质拓展营”改善厌学，夏令营结束前小王晕倒送医，王先生发现其身上多处伤痕，后小王转入郑州大学第一附属医院治疗，9月27日抢救无效离世。官方通报称，体罚致其轻微伤的教官吴某、猥亵学员的靳某被采取刑事强制措施，涉事公司被关停取缔。小王班主任阴某利因涉嫌侵犯通信自由罪（被指截留其给父母信件），6月4日在中牟县法院一审不公开开庭，检方建议量刑六个月。王先生认为阴某利对女儿死亡有责任，欲申请追加其虐待罪和过失致人死亡罪。"
"Jun 5, 2025 @ 00:00:00.000","精神病院患者眼球被抠，家属质疑管理","家庭","2025年6月5日，湖北黄石王先生反映，其68岁患老年性痴呆的父亲于2024年9月在黄石市精神病医院住院期间，午休时被同病房病友抠伤双眼，致左眼视力模糊、右眼失明。监控显示，王先生父亲被绑双手，施害患者仅绑单手，因此能翻身实施伤害，家属质疑院方管理不到位。事发后，院方送医救治并承担大部分费用，术后患者回院看护十余天。目前家属正通过司法途径索赔，但因父亲患老年痴呆，司法鉴定存在困难。院方称已送医治疗，涉事科室被处分扣几万元，建议家属走司法程序。"
"Jun 5, 2025 @ 00:00:00.000","国家全面推进分娩镇痛服务保障母婴","家庭","2025年6月5日，国家卫生健康委、国家中医药局、国家疾控局联合发布《关于全面推进分娩镇痛工作的通知》，旨在提升孕产妇分娩体验、保障母婴健康，推进医疗服务舒适化。通知明确分阶段推进目标：2025年底前，所有开展产科医疗服务的三级医疗机构需具备分娩镇痛服务能力；2027年底前，二级以上产科医疗机构实现分娩镇痛服务全覆盖。同时要求落实技术基本要求（加强设施设备配置、专业人员培养及产科与麻醉科协作）、规范服务（强化质量安全管理、应急演练及技术应用）、加强支持保障（人才培养、薪酬倾斜等），以确保更多产妇在分娩时能选择有效镇痛方式，减轻痛苦。"
