批次,标题,内容,类别,生成时间
第1批,示例故事_0_0,这是类别日常的示例故事正文_0。,日常,2025-07-03 22:25:11
第1批,示例故事_0_1,这是类别日常的示例故事正文_1。,日常,2025-07-03 22:25:11
第1批,示例故事_0_2,这是类别日常的示例故事正文_2。,日常,2025-07-03 22:25:11
第1批,示例故事_0_3,这是类别日常的示例故事正文_3。,日常,2025-07-03 22:25:11
第1批,示例故事_0_4,这是类别日常的示例故事正文_4。,日常,2025-07-03 22:25:11
第1批,示例故事_0_5,这是类别日常的示例故事正文_5。,日常,2025-07-03 22:25:11
第1批,示例故事_0_6,这是类别日常的示例故事正文_6。,日常,2025-07-03 22:25:11
第1批,示例故事_0_7,这是类别日常的示例故事正文_7。,日常,2025-07-03 22:25:11
第1批,示例故事_0_8,这是类别日常的示例故事正文_8。,日常,2025-07-03 22:25:11
第1批,示例故事_0_9,这是类别日常的示例故事正文_9。,日常,2025-07-03 22:25:11
第1批,示例故事_0_10,这是类别日常的示例故事正文_10。,日常,2025-07-03 22:25:11
第1批,示例故事_0_11,这是类别日常的示例故事正文_11。,日常,2025-07-03 22:25:11
第1批,示例故事_0_12,这是类别日常的示例故事正文_12。,日常,2025-07-03 22:25:11
第1批,示例故事_0_13,这是类别日常的示例故事正文_13。,日常,2025-07-03 22:25:11
第1批,示例故事_0_14,这是类别日常的示例故事正文_14。,日常,2025-07-03 22:25:11
第2批,示例故事_1_0,这是类别奇幻的示例故事正文_0。,奇幻,2025-07-03 22:25:11
第2批,示例故事_1_1,这是类别奇幻的示例故事正文_1。,奇幻,2025-07-03 22:25:11
第2批,示例故事_1_2,这是类别奇幻的示例故事正文_2。,奇幻,2025-07-03 22:25:11
第2批,示例故事_1_3,这是类别奇幻的示例故事正文_3。,奇幻,2025-07-03 22:25:11
第2批,示例故事_1_4,这是类别奇幻的示例故事正文_4。,奇幻,2025-07-03 22:25:11
第2批,示例故事_1_5,这是类别奇幻的示例故事正文_5。,奇幻,2025-07-03 22:25:11
第2批,示例故事_1_6,这是类别奇幻的示例故事正文_6。,奇幻,2025-07-03 22:25:11
第2批,示例故事_1_7,这是类别奇幻的示例故事正文_7。,奇幻,2025-07-03 22:25:11
第2批,示例故事_1_8,这是类别奇幻的示例故事正文_8。,奇幻,2025-07-03 22:25:11
第2批,示例故事_1_9,这是类别奇幻的示例故事正文_9。,奇幻,2025-07-03 22:25:11
第2批,示例故事_1_10,这是类别奇幻的示例故事正文_10。,奇幻,2025-07-03 22:25:11
第2批,示例故事_1_11,这是类别奇幻的示例故事正文_11。,奇幻,2025-07-03 22:25:11
第2批,示例故事_1_12,这是类别奇幻的示例故事正文_12。,奇幻,2025-07-03 22:25:11
第2批,示例故事_1_13,这是类别奇幻的示例故事正文_13。,奇幻,2025-07-03 22:25:11
第2批,示例故事_1_14,这是类别奇幻的示例故事正文_14。,奇幻,2025-07-03 22:25:11
第3批,示例故事_2_0,这是类别悬疑的示例故事正文_0。,悬疑,2025-07-03 22:25:11
第3批,示例故事_2_1,这是类别悬疑的示例故事正文_1。,悬疑,2025-07-03 22:25:11
第3批,示例故事_2_2,这是类别悬疑的示例故事正文_2。,悬疑,2025-07-03 22:25:11
第3批,示例故事_2_3,这是类别悬疑的示例故事正文_3。,悬疑,2025-07-03 22:25:11
第3批,示例故事_2_4,这是类别悬疑的示例故事正文_4。,悬疑,2025-07-03 22:25:11
第3批,示例故事_2_5,这是类别悬疑的示例故事正文_5。,悬疑,2025-07-03 22:25:11
第3批,示例故事_2_6,这是类别悬疑的示例故事正文_6。,悬疑,2025-07-03 22:25:11
第3批,示例故事_2_7,这是类别悬疑的示例故事正文_7。,悬疑,2025-07-03 22:25:11
第3批,示例故事_2_8,这是类别悬疑的示例故事正文_8。,悬疑,2025-07-03 22:25:11
第3批,示例故事_2_9,这是类别悬疑的示例故事正文_9。,悬疑,2025-07-03 22:25:11
第3批,示例故事_2_10,这是类别悬疑的示例故事正文_10。,悬疑,2025-07-03 22:25:11
第3批,示例故事_2_11,这是类别悬疑的示例故事正文_11。,悬疑,2025-07-03 22:25:11
第3批,示例故事_2_12,这是类别悬疑的示例故事正文_12。,悬疑,2025-07-03 22:25:11
第3批,示例故事_2_13,这是类别悬疑的示例故事正文_13。,悬疑,2025-07-03 22:25:11
第3批,示例故事_2_14,这是类别悬疑的示例故事正文_14。,悬疑,2025-07-03 22:25:11
第4批,示例故事_3_0,这是类别日常的示例故事正文_0。,日常,2025-07-03 22:25:11
第4批,示例故事_3_1,这是类别日常的示例故事正文_1。,日常,2025-07-03 22:25:11
第4批,示例故事_3_2,这是类别日常的示例故事正文_2。,日常,2025-07-03 22:25:11
第4批,示例故事_3_3,这是类别日常的示例故事正文_3。,日常,2025-07-03 22:25:11
第4批,示例故事_3_4,这是类别日常的示例故事正文_4。,日常,2025-07-03 22:25:11
第4批,示例故事_3_5,这是类别日常的示例故事正文_5。,日常,2025-07-03 22:25:11
第4批,示例故事_3_6,这是类别日常的示例故事正文_6。,日常,2025-07-03 22:25:11
第4批,示例故事_3_7,这是类别日常的示例故事正文_7。,日常,2025-07-03 22:25:11
第4批,示例故事_3_8,这是类别日常的示例故事正文_8。,日常,2025-07-03 22:25:11
第4批,示例故事_3_9,这是类别日常的示例故事正文_9。,日常,2025-07-03 22:25:11
第4批,示例故事_3_10,这是类别日常的示例故事正文_10。,日常,2025-07-03 22:25:11
第4批,示例故事_3_11,这是类别日常的示例故事正文_11。,日常,2025-07-03 22:25:11
第4批,示例故事_3_12,这是类别日常的示例故事正文_12。,日常,2025-07-03 22:25:11
第4批,示例故事_3_13,这是类别日常的示例故事正文_13。,日常,2025-07-03 22:25:11
第4批,示例故事_3_14,这是类别日常的示例故事正文_14。,日常,2025-07-03 22:25:11
第4批,示例故事_3_0,这是类别日常的示例故事正文_0。,日常,2025-07-03 22:25:11
第4批,示例故事_3_1,这是类别日常的示例故事正文_1。,日常,2025-07-03 22:25:11
第4批,示例故事_3_2,这是类别日常的示例故事正文_2。,日常,2025-07-03 22:25:11
第4批,示例故事_3_3,这是类别日常的示例故事正文_3。,日常,2025-07-03 22:25:11
第4批,示例故事_3_4,这是类别日常的示例故事正文_4。,日常,2025-07-03 22:25:11
第4批,示例故事_3_5,这是类别日常的示例故事正文_5。,日常,2025-07-03 22:25:11
第4批,示例故事_3_6,这是类别日常的示例故事正文_6。,日常,2025-07-03 22:25:11
第4批,示例故事_3_7,这是类别日常的示例故事正文_7。,日常,2025-07-03 22:25:11
第4批,示例故事_3_8,这是类别日常的示例故事正文_8。,日常,2025-07-03 22:25:11
第4批,示例故事_3_9,这是类别日常的示例故事正文_9。,日常,2025-07-03 22:25:11
第4批,示例故事_3_10,这是类别日常的示例故事正文_10。,日常,2025-07-03 22:25:11
第4批,示例故事_3_11,这是类别日常的示例故事正文_11。,日常,2025-07-03 22:25:11
第4批,示例故事_3_12,这是类别日常的示例故事正文_12。,日常,2025-07-03 22:25:11
第4批,示例故事_3_13,这是类别日常的示例故事正文_13。,日常,2025-07-03 22:25:11
第4批,示例故事_3_14,这是类别日常的示例故事正文_14。,日常,2025-07-03 22:25:11
第1批,示例故事_0_0,这是类别日常的示例故事正文_0。,日常,2025-07-03 22:25:53
第1批,示例故事_0_1,这是类别日常的示例故事正文_1。,日常,2025-07-03 22:25:53
第1批,示例故事_0_2,这是类别日常的示例故事正文_2。,日常,2025-07-03 22:25:53
第1批,示例故事_0_3,这是类别日常的示例故事正文_3。,日常,2025-07-03 22:25:53
第1批,示例故事_0_4,这是类别日常的示例故事正文_4。,日常,2025-07-03 22:25:53
第1批,示例故事_0_5,这是类别日常的示例故事正文_5。,日常,2025-07-03 22:25:53
第1批,示例故事_0_6,这是类别日常的示例故事正文_6。,日常,2025-07-03 22:25:53
第1批,示例故事_0_7,这是类别日常的示例故事正文_7。,日常,2025-07-03 22:25:53
第1批,示例故事_0_8,这是类别日常的示例故事正文_8。,日常,2025-07-03 22:25:53
第1批,示例故事_0_9,这是类别日常的示例故事正文_9。,日常,2025-07-03 22:25:53
第1批,示例故事_0_10,这是类别日常的示例故事正文_10。,日常,2025-07-03 22:25:53
第1批,示例故事_0_11,这是类别日常的示例故事正文_11。,日常,2025-07-03 22:25:53
第1批,示例故事_0_12,这是类别日常的示例故事正文_12。,日常,2025-07-03 22:25:53
第1批,示例故事_0_13,这是类别日常的示例故事正文_13。,日常,2025-07-03 22:25:53
第1批,示例故事_0_14,这是类别日常的示例故事正文_14。,日常,2025-07-03 22:25:53
第2批,示例故事_1_0,这是类别奇幻的示例故事正文_0。,奇幻,2025-07-03 22:25:53
第2批,示例故事_1_1,这是类别奇幻的示例故事正文_1。,奇幻,2025-07-03 22:25:53
第2批,示例故事_1_2,这是类别奇幻的示例故事正文_2。,奇幻,2025-07-03 22:25:53
第2批,示例故事_1_3,这是类别奇幻的示例故事正文_3。,奇幻,2025-07-03 22:25:53
第2批,示例故事_1_4,这是类别奇幻的示例故事正文_4。,奇幻,2025-07-03 22:25:53
第2批,示例故事_1_5,这是类别奇幻的示例故事正文_5。,奇幻,2025-07-03 22:25:53
第2批,示例故事_1_6,这是类别奇幻的示例故事正文_6。,奇幻,2025-07-03 22:25:53
第2批,示例故事_1_7,这是类别奇幻的示例故事正文_7。,奇幻,2025-07-03 22:25:53
第2批,示例故事_1_8,这是类别奇幻的示例故事正文_8。,奇幻,2025-07-03 22:25:53
第2批,示例故事_1_9,这是类别奇幻的示例故事正文_9。,奇幻,2025-07-03 22:25:53
第2批,示例故事_1_10,这是类别奇幻的示例故事正文_10。,奇幻,2025-07-03 22:25:53
第2批,示例故事_1_11,这是类别奇幻的示例故事正文_11。,奇幻,2025-07-03 22:25:53
第2批,示例故事_1_12,这是类别奇幻的示例故事正文_12。,奇幻,2025-07-03 22:25:53
第2批,示例故事_1_13,这是类别奇幻的示例故事正文_13。,奇幻,2025-07-03 22:25:53
第2批,示例故事_1_14,这是类别奇幻的示例故事正文_14。,奇幻,2025-07-03 22:25:53
第3批,示例故事_2_0,这是类别悬疑的示例故事正文_0。,悬疑,2025-07-03 22:25:53
第3批,示例故事_2_1,这是类别悬疑的示例故事正文_1。,悬疑,2025-07-03 22:25:53
第3批,示例故事_2_2,这是类别悬疑的示例故事正文_2。,悬疑,2025-07-03 22:25:53
第3批,示例故事_2_3,这是类别悬疑的示例故事正文_3。,悬疑,2025-07-03 22:25:53
第3批,示例故事_2_4,这是类别悬疑的示例故事正文_4。,悬疑,2025-07-03 22:25:53
第3批,示例故事_2_5,这是类别悬疑的示例故事正文_5。,悬疑,2025-07-03 22:25:53
第3批,示例故事_2_6,这是类别悬疑的示例故事正文_6。,悬疑,2025-07-03 22:25:53
第3批,示例故事_2_7,这是类别悬疑的示例故事正文_7。,悬疑,2025-07-03 22:25:53
第3批,示例故事_2_8,这是类别悬疑的示例故事正文_8。,悬疑,2025-07-03 22:25:53
第3批,示例故事_2_9,这是类别悬疑的示例故事正文_9。,悬疑,2025-07-03 22:25:53
第3批,示例故事_2_10,这是类别悬疑的示例故事正文_10。,悬疑,2025-07-03 22:25:53
第3批,示例故事_2_11,这是类别悬疑的示例故事正文_11。,悬疑,2025-07-03 22:25:53
第3批,示例故事_2_12,这是类别悬疑的示例故事正文_12。,悬疑,2025-07-03 22:25:53
第3批,示例故事_2_13,这是类别悬疑的示例故事正文_13。,悬疑,2025-07-03 22:25:53
第3批,示例故事_2_14,这是类别悬疑的示例故事正文_14。,悬疑,2025-07-03 22:25:53
第4批,示例故事_3_0,这是类别日常的示例故事正文_0。,日常,2025-07-03 22:25:53
第4批,示例故事_3_1,这是类别日常的示例故事正文_1。,日常,2025-07-03 22:25:53
第4批,示例故事_3_2,这是类别日常的示例故事正文_2。,日常,2025-07-03 22:25:53
第4批,示例故事_3_3,这是类别日常的示例故事正文_3。,日常,2025-07-03 22:25:53
第4批,示例故事_3_4,这是类别日常的示例故事正文_4。,日常,2025-07-03 22:25:53
第4批,示例故事_3_5,这是类别日常的示例故事正文_5。,日常,2025-07-03 22:25:53
第4批,示例故事_3_6,这是类别日常的示例故事正文_6。,日常,2025-07-03 22:25:53
第4批,示例故事_3_7,这是类别日常的示例故事正文_7。,日常,2025-07-03 22:25:53
第4批,示例故事_3_8,这是类别日常的示例故事正文_8。,日常,2025-07-03 22:25:53
第4批,示例故事_3_9,这是类别日常的示例故事正文_9。,日常,2025-07-03 22:25:53
第4批,示例故事_3_10,这是类别日常的示例故事正文_10。,日常,2025-07-03 22:25:53
第4批,示例故事_3_11,这是类别日常的示例故事正文_11。,日常,2025-07-03 22:25:53
第4批,示例故事_3_12,这是类别日常的示例故事正文_12。,日常,2025-07-03 22:25:53
第4批,示例故事_3_13,这是类别日常的示例故事正文_13。,日常,2025-07-03 22:25:53
第4批,示例故事_3_14,这是类别日常的示例故事正文_14。,日常,2025-07-03 22:25:53
第4批,示例故事_3_0,这是类别日常的示例故事正文_0。,日常,2025-07-03 22:25:53
第4批,示例故事_3_1,这是类别日常的示例故事正文_1。,日常,2025-07-03 22:25:53
第4批,示例故事_3_2,这是类别日常的示例故事正文_2。,日常,2025-07-03 22:25:53
第4批,示例故事_3_3,这是类别日常的示例故事正文_3。,日常,2025-07-03 22:25:53
第4批,示例故事_3_4,这是类别日常的示例故事正文_4。,日常,2025-07-03 22:25:53
第4批,示例故事_3_5,这是类别日常的示例故事正文_5。,日常,2025-07-03 22:25:53
第4批,示例故事_3_6,这是类别日常的示例故事正文_6。,日常,2025-07-03 22:25:53
第4批,示例故事_3_7,这是类别日常的示例故事正文_7。,日常,2025-07-03 22:25:53
第4批,示例故事_3_8,这是类别日常的示例故事正文_8。,日常,2025-07-03 22:25:53
第4批,示例故事_3_9,这是类别日常的示例故事正文_9。,日常,2025-07-03 22:25:53
第4批,示例故事_3_10,这是类别日常的示例故事正文_10。,日常,2025-07-03 22:25:53
第4批,示例故事_3_11,这是类别日常的示例故事正文_11。,日常,2025-07-03 22:25:53
第4批,示例故事_3_12,这是类别日常的示例故事正文_12。,日常,2025-07-03 22:25:53
第4批,示例故事_3_13,这是类别日常的示例故事正文_13。,日常,2025-07-03 22:25:53
第4批,示例故事_3_14,这是类别日常的示例故事正文_14。,日常,2025-07-03 22:25:53
